"database_identifier"	"chemical_formula"	"smiles"	"inchi"	"metabolite_identification"	"chemical_shift"	"pattern_ID"	"multiplicity"	"taxid"	"species"	"database"	"database_version"	"reliability"	"uri"	"search_engine"	"search_engine_score"	"smallmolecule_abundance_sub"	"smallmolecule_abundance_stdev_sub"	"smallmolecule_abundance_std_error_sub"	"1"	"2"	"3"	"4"	"5"	"6"	"7"	"8"	"9"	"10"	"11"	"12"	"13"	"14"	"15"	"16"	"17"	"18"	"19"	"20"	"21"	"22"	"23"	"24"
""	""	""	""	"unknown"	"[0.8831 ... 0.8056]"	"mobile-lipid_1"	""	"NCBITAXON:http://purl.bioontology.org/ontology/NCBITAXON/9606"	"Homo sapiens"	""	""	"MSI level 3"	""	""	""	""	""	""	"6.47E8"	"3.25E8"	"2.95E8"	"3.01E8"	"4.99E8"	"5.71E8"	"5.13E8"	"1.75E8"	"4.14E8"	"3.88E8"	"3.38E8"	"3.98E8"	"1.68E8"	"9.46E7"	"1.23E8"	"3.53E8"	"1.33E8"	"2.51E8"	"1.37E8"	"2.76E8"	"1.59E8"	"2.86E8"	"2.24E8"	"5.01E8"
"CHEBI:28797"	"C4H9NO2"	"CC[C@@H](N)C(O)=O"	"InChI=1S/C4H9NO2/c1-2-3(5)4(6)7/h3H,2,5H2,1H3,(H,6,7)/t3-/m1/s1"	"D-Alpha-aminobutyric acid"	"[0.9173 ... 0.8831]"	"2-hydroxybutyrate_2"	""	"NCBITAXON:http://purl.bioontology.org/ontology/NCBITAXON/9606"	"Homo sapiens"	""	""	"MSI level 2"	""	""	""	""	""	""	"2.22E8"	"1.09E8"	"1.29E8"	"1.19E8"	"1.86E8"	"1.85E8"	"1.62E8"	"8.73E7"	"1.62E8"	"1.34E8"	"2.24E8"	"1.87E8"	"1.04E8"	"1.82E8"	"1.78E8"	"2.0E8"	"1.65E8"	"2.48E8"	"1.87E8"	"2.2E8"	"1.39E8"	"1.58E8"	"2.07E8"	"2.79E8"
"CHEBI:17191"	"C6H13NO2"	"CC[C@H](C)[C@H](N)C(O)=O"	"InChI=1S/C6H13NO2/c1-3-4(2)5(7)6(8)9/h4-5H,3,7H2,1-2H3,(H,8,9)/t4-,5-/m0/s1"	"L-Isoleucine"	"[0.9454 ... 0.9173]"	"isoleucine_3"	""	"NCBITAXON:http://purl.bioontology.org/ontology/NCBITAXON/9606"	"Homo sapiens"	""	""	"MSI level 1"	""	""	""	""	""	""	"2.1E8"	"1.41E8"	"1.65E8"	"1.28E8"	"2.06E8"	"1.96E8"	"1.68E8"	"9.93E7"	"1.63E8"	"1.43E8"	"2.81E8"	"2.54E8"	"1.41E8"	"2.82E8"	"2.64E8"	"2.4E8"	"2.14E8"	"3.15E8"	"2.59E8"	"2.99E8"	"1.77E8"	"2.13E8"	"2.79E8"	"3.3E8"
"CHEBI:17191"	"C6H13NO2"	"CC[C@H](C)[C@H](N)C(O)=O"	"InChI=1S/C6H13NO2/c1-3-4(2)5(7)6(8)9/h4-5H,3,7H2,1-2H3,(H,8,9)/t4-,5-/m0/s1"	"L-Isoleucine"	"[0.9570 ... 0.9454]"	"isoleucine/leucine_4"	"overlapped with HMDB0000687 "	"NCBITAXON:http://purl.bioontology.org/ontology/NCBITAXON/9606"	"Homo sapiens"	""	""	"MSI level 1"	""	""	""	""	""	""	"3.13E8"	"2.53E8"	"2.85E8"	"2.16E8"	"3.07E8"	"2.8E8"	"2.6E8"	"1.75E8"	"2.69E8"	"2.23E8"	"3.62E8"	"3.21E8"	"2.28E8"	"4.46E8"	"3.57E8"	"3.67E8"	"2.95E8"	"4.7E8"	"3.64E8"	"3.75E8"	"2.34E8"	"2.68E8"	"4.21E8"	"4.06E8"
"CHEBI:15603"	"C6H13NO2"	"CC(C)C[C@H](N)C(O)=O"	"InChI=1S/C6H13NO2/c1-4(2)3-5(7)6(8)9/h4-5H,3,7H2,1-2H3,(H,8,9)/t5-/m0/s1"	"L-Leucine"	"[0.9787 ... 0.9570]"	"leucine_5"	""	"NCBITAXON:http://purl.bioontology.org/ontology/NCBITAXON/9606"	"Homo sapiens"	""	""	"MSI level 1"	""	""	""	""	""	""	"3.22E8"	"2.81E8"	"3.03E8"	"2.44E8"	"3.12E8"	"2.77E8"	"2.79E8"	"1.98E8"	"2.88E8"	"2.49E8"	"3.12E8"	"2.86E8"	"2.3E8"	"4.57E8"	"3.31E8"	"3.53E8"	"2.66E8"	"4.43E8"	"3.25E8"	"3.24E8"	"2.17E8"	"2.34E8"	"3.91E8"	"3.13E8"
"CHEBI:28797"	"C4H9NO2"	"CC[C@@H](N)C(O)=O"	"InChI=1S/C4H9NO2/c1-2-3(5)4(6)7/h3H,2,5H2,1H3,(H,6,7)/t3-/m1/s1"	"D-Alpha-aminobutyric acid"	"[1.0024 ... 0.9787]"	"2-aminobutyrate/valine_6"	"overlapped with HMDB0000883"	"NCBITAXON:http://purl.bioontology.org/ontology/NCBITAXON/9606"	"Homo sapiens"	""	""	"MSI level 2"	""	""	""	""	""	""	"3.15E8"	"2.64E8"	"2.96E8"	"2.34E8"	"3.56E8"	"2.86E8"	"2.85E8"	"2.04E8"	"2.94E8"	"2.76E8"	"3.03E8"	"2.88E8"	"2.32E8"	"3.05E8"	"2.75E8"	"3.5E8"	"2.43E8"	"4.16E8"	"2.54E8"	"2.97E8"	"1.99E8"	"2.66E8"	"3.71E8"	"3.34E8"
"CHEBI:17191"	"C6H13NO2"	"CC[C@H](C)[C@H](N)C(O)=O"	"InChI=1S/C6H13NO2/c1-3-4(2)5(7)6(8)9/h4-5H,3,7H2,1-2H3,(H,8,9)/t4-,5-/m0/s1"	"L-Isoleucine"	"[1.0205 ... 1.0024]"	"isoleucine_7"	""	"NCBITAXON:http://purl.bioontology.org/ontology/NCBITAXON/9606"	"Homo sapiens"	""	""	"MSI level 1"	""	""	""	""	""	""	"1.28E8"	"1.04E8"	"1.21E8"	"9.46E7"	"1.24E8"	"1.17E8"	"9.63E7"	"8.44E7"	"1.04E8"	"8.5E7"	"1.27E8"	"1.16E8"	"8.89E7"	"1.35E8"	"1.22E8"	"1.46E8"	"1.06E8"	"1.78E8"	"1.29E8"	"1.17E8"	"9.44E7"	"9.24E7"	"1.63E8"	"1.39E8"
"CHEBI:16414"	"C5H11NO2"	"CC(C)[C@H](N)C(O)=O"	"InChI=1S/C5H11NO2/c1-3(2)4(6)5(7)8/h3-4H,6H2,1-2H3,(H,7,8)/t4-/m0/s1"	"L-Valine"	"[1.0571 ... 1.0306]"	"valine_8"	""	"NCBITAXON:http://purl.bioontology.org/ontology/NCBITAXON/9606"	"Homo sapiens"	""	""	"MSI level 1"	""	""	""	""	""	""	"2.54E8"	"2.19E8"	"2.57E8"	"2.15E8"	"2.89E8"	"2.8E8"	"2.27E8"	"1.8E8"	"2.82E8"	"2.16E8"	"2.17E8"	"2.12E8"	"1.84E8"	"2.41E8"	"1.96E8"	"2.72E8"	"1.73E8"	"3.13E8"	"1.91E8"	"2.14E8"	"1.64E8"	"1.95E8"	"2.82E8"	"2.03E8"
"CHEBI:20067"	"C4H8O3"	"CC(O)CC(O)=O"	"InChI=1S/C4H8O3/c1-3(5)2-4(6)7/h3,5H,2H2,1H3,(H,6,7)"	"3-Hydroxybutyric acid"	"[1.0820 ... 1.0571]"	"3-hydroxybutyrate_9"	""	"NCBITAXON:http://purl.bioontology.org/ontology/NCBITAXON/9606"	"Homo sapiens"	""	""	"MSI level 2"	""	""	""	""	""	""	"4.27E7"	"3.0E7"	"5.62E7"	"6.23E7"	"4.65E7"	"1.09E8"	"3.77E7"	"4.27E7"	"8.95E7"	"3.34E7"	"3.58E7"	"4.0E7"	"2.38E7"	"4.67E7"	"3.57E7"	"4.41E7"	"3.08E7"	"4.88E7"	"3.52E7"	"4.08E7"	"3.64E7"	"3.42E7"	"4.87E7"	"4.4E7"
""	""	""	""	"unknown"	"[1.1077 ... 1.0820]"	"unknown_10"	""	"NCBITAXON:http://purl.bioontology.org/ontology/NCBITAXON/9606"	"Homo sapiens"	""	""	"MSI level 4"	""	""	""	""	""	""	"3.48E7"	"2.35E7"	"2.8E7"	"2.35E7"	"3.41E7"	"4.22E7"	"2.8E7"	"1.89E7"	"3.6E7"	"2.26E7"	"2.69E7"	"2.72E7"	"1.54E7"	"3.21E7"	"2.53E7"	"2.49E7"	"2.32E7"	"3.17E7"	"2.35E7"	"2.97E7"	"2.76E7"	"2.22E7"	"3.18E7"	"3.37E7"
"CHEBI:17824"	"C3H8O"	"CC(C)O"	"InChI=1S/C3H8O/c1-3(2)4/h3-4H,1-2H3"	"Isopropyl alcohol"	"[1.1551 ... 1.1302]"	"isopropanonol_11"	""	"NCBITAXON:http://purl.bioontology.org/ontology/NCBITAXON/9606"	"Homo sapiens"	""	""	"MSI level 2"	""	""	""	""	""	""	"9.5E7"	"3.86E7"	"3.72E7"	"2.79E7"	"6.19E7"	"5.59E7"	"4.83E7"	"2.1E7"	"4.14E7"	"3.59E7"	"5.44E7"	"5.13E7"	"2.57E7"	"5.62E7"	"4.55E7"	"5.16E7"	"4.03E7"	"5.69E7"	"4.83E7"	"5.69E7"	"5.01E7"	"3.97E7"	"5.43E7"	"6.56E7"
"CHEBI:16236"	"C2H6O"	"CCO"	"InChI=1S/C2H6O/c1-2-3/h3H,2H2,1H3"	"Ethanol"	"[1.1824 ... 1.1551]"	"ethanol/3-hydroxybutyrate_12"	"overlapped with HMDB0000357 "	"NCBITAXON:http://purl.bioontology.org/ontology/NCBITAXON/9606"	"Homo sapiens"	""	""	"MSI level 1"	""	""	""	""	""	""	"1.07E8"	"6.78E7"	"6.24E7"	"4.93E7"	"1.04E8"	"8.83E7"	"8.46E7"	"3.68E7"	"7.48E7"	"6.1E7"	"1.11E8"	"1.09E8"	"5.01E7"	"2.19E8"	"9.78E7"	"9.76E7"	"9.62E7"	"1.22E8"	"8.93E7"	"1.23E8"	"9.32E7"	"8.85E7"	"1.08E8"	"1.68E8"
"CHEBI:16236"	"C2H6O"	"CCO"	"InChI=1S/C2H6O/c1-2-3/h3H,2H2,1H3"	"Ethanol"	"[1.1917 ... 1.1824]"	"ethanol_13"	""	"NCBITAXON:http://purl.bioontology.org/ontology/NCBITAXON/9606"	"Homo sapiens"	""	""	"MSI level 1"	""	""	""	""	""	""	"1.49E8"	"9.76E7"	"9.29E7"	"7.55E7"	"1.61E8"	"1.18E8"	"1.22E8"	"5.87E7"	"1.05E8"	"8.76E7"	"1.73E8"	"1.74E8"	"8.85E7"	"7.25E8"	"1.39E8"	"1.42E8"	"1.4E8"	"1.73E8"	"1.35E8"	"1.88E8"	"1.77E8"	"1.36E8"	"1.29E8"	"2.44E8"
"CHEBI:16236"	"C2H6O"	"CCO"	"InChI=1S/C2H6O/c1-2-3/h3H,2H2,1H3"	"Ethanol"	"[1.2126 ... 1.1917]"	"ethanol/unknown_14"	"overlapped with unknown"	"NCBITAXON:http://purl.bioontology.org/ontology/NCBITAXON/9606"	"Homo sapiens"	""	""	"MSI level 1"	""	""	""	""	""	""	"3.49E8"	"1.64E8"	"1.86E8"	"1.32E8"	"4.08E8"	"2.08E8"	"4.19E8"	"1.52E8"	"2.44E8"	"1.96E8"	"2.13E8"	"2.73E8"	"1.07E8"	"3.94E8"	"3.39E8"	"2.13E8"	"2.63E8"	"2.23E8"	"2.03E8"	"2.28E8"	"2.68E8"	"2.05E8"	"1.91E8"	"3.44E8"
"CHEBI:37084"	"C5H10O3"	"CC(C)(O)CC(O)=O"	"InChI=1S/C5H10O3/c1-5(2,8)3-4(6)7/h8H,3H2,1-2H3,(H,6,7)"	"3-Hydroxyisovaleric acid"	"[1.2572 ... 1.2467]"	"3-hydroxyisovalerate_15"	""	"NCBITAXON:http://purl.bioontology.org/ontology/NCBITAXON/9606"	"Homo sapiens"	""	""	"MSI level 2"	""	""	""	""	""	""	"1.08E9"	"6.52E8"	"5.59E8"	"5.63E8"	"9.48E8"	"9.25E8"	"7.94E8"	"4.23E8"	"7.04E8"	"6.68E8"	"4.9E8"	"5.48E8"	"2.33E8"	"2.58E8"	"1.83E8"	"5.7E8"	"2.02E8"	"3.75E8"	"2.06E8"	"4.65E8"	"3.69E8"	"3.65E8"	"3.43E8"	"7.72E8"
"CHEBI:422"	"C3H6O3"	"C[C@H](O)C(O)=O"	"InChI=1S/C3H6O3/c1-2(4)3(5)6/h2,4H,1H3,(H,5,6)/t2-/m0/s1"	"L-Lactic acid"	"[1.3508 ... 1.3142]"	"lactate_16"	""	"NCBITAXON:http://purl.bioontology.org/ontology/NCBITAXON/9606"	"Homo sapiens"	""	""	"MSI level 1"	""	""	""	""	""	""	"2.01E9"	"1.16E9"	"2.1E9"	"2.01E9"	"2.49E9"	"1.86E9"	"1.64E9"	"1.45E9"	"2.17E9"	"1.45E9"	"2.78E9"	"2.08E9"	"1.09E9"	"3.73E9"	"2.98E9"	"1.79E9"	"2.23E9"	"3.81E9"	"3.15E9"	"2.74E9"	"1.1E9"	"1.16E9"	"4.36E9"	"2.08E9"
""	""	""	""	"unknown"	"[1.3926 ... 1.3508]"	"unknown_17"	""	"NCBITAXON:http://purl.bioontology.org/ontology/NCBITAXON/9606"	"Homo sapiens"	""	""	"MSI level 4"	""	""	""	""	""	""	"4.64E7"	"2.25E7"	"4.48E7"	"6.82E7"	"3.5E7"	"1.19E8"	"3.94E7"	"5.9E7"	"9.88E7"	"2.84E7"	"3.84E7"	"5.91E7"	"2.04E7"	"4.18E8"	"1.99E8"	"4.73E7"	"1.84E8"	"8.18E7"	"1.92E8"	"2.08E8"	"1.28E8"	"4.99E7"	"1.07E8"	"6.18E7"
"CHEBI:16977"	"C3H7NO2"	"C[C@H](N)C(O)=O"	"InChI=1S/C3H7NO2/c1-2(4)3(5)6/h2H,4H2,1H3,(H,5,6)/t2-/m0/s1"	"L-Alanine"	"[1.4954 ... 1.4697]"	"alanine_18"	""	"NCBITAXON:http://purl.bioontology.org/ontology/NCBITAXON/9606"	"Homo sapiens"	""	""	"MSI level 1"	""	""	""	""	""	""	"3.45E8"	"4.07E8"	"4.8E8"	"4.18E8"	"4.46E8"	"4.33E8"	"3.34E8"	"3.03E8"	"3.48E8"	"4.05E8"	"3.19E8"	"3.34E8"	"3.51E8"	"3.7E8"	"2.24E8"	"3.23E8"	"1.54E8"	"4.34E8"	"2.94E8"	"3.12E8"	"2.39E8"	"3.06E8"	"4.04E8"	"3.06E8"
"CHEBI:50129"	"C4H8O3"	"CC(C)(O)C(O)=O"	"InChI=1S/C4H8O3/c1-4(2,7)3(5)6/h7H,1-2H3,(H,5,6)"	"Alpha-Hydroxyisobutyric acid"	"[1.6662 ... 1.4954]"	"2-hydroxybutyrate_19"	""	"NCBITAXON:http://purl.bioontology.org/ontology/NCBITAXON/9606"	"Homo sapiens"	""	""	"MSI level 2"	""	""	""	""	""	""	"5.76E7"	"3.94E7"	"4.21E7"	"4.25E7"	"5.77E7"	"5.92E7"	"4.66E7"	"3.6E7"	"5.12E7"	"3.83E7"	"4.68E7"	"4.83E7"	"3.28E7"	"4.6E7"	"4.17E7"	"4.93E7"	"3.53E7"	"5.14E7"	"4.22E7"	"5.35E7"	"3.25E7"	"4.47E7"	"4.38E7"	"6.24E7"
"CHEBI:15603"	"C6H13NO2"	"CC(C)C[C@H](N)C(O)=O"	"InChI=1S/C6H13NO2/c1-4(2)3-5(7)6(8)9/h4-5H,3,7H2,1-2H3,(H,8,9)/t5-/m0/s1"	"L-Leucine"	"[1.7019 ... 1.6662]"	"leucine_20"	""	"NCBITAXON:http://purl.bioontology.org/ontology/NCBITAXON/9606"	"Homo sapiens"	""	""	"MSI level 1"	""	""	""	""	""	""	"8.34E7"	"7.06E7"	"7.94E7"	"6.79E7"	"9.45E7"	"8.62E7"	"7.87E7"	"5.75E7"	"8.5E7"	"6.76E7"	"1.07E8"	"1.06E8"	"6.84E7"	"1.25E8"	"1.14E8"	"1.03E8"	"9.56E7"	"1.33E8"	"1.05E8"	"1.13E8"	"7.12E7"	"9.08E7"	"1.16E8"	"1.38E8"
"CHEBI:15603"	"C6H13NO2"	"CC(C)C[C@H](N)C(O)=O"	"InChI=1S/C6H13NO2/c1-4(2)3-5(7)6(8)9/h4-5H,3,7H2,1-2H3,(H,8,9)/t5-/m0/s1"	"L-Leucine"	"[1.7477 ... 1.7019]"	"leucine/lysine/2-hydroxybutyrate_21"	"overlapped with HMDB0000182 HMDB0000729"	"NCBITAXON:http://purl.bioontology.org/ontology/NCBITAXON/9606"	"Homo sapiens"	""	""	"MSI level 1"	""	""	""	""	""	""	"1.44E8"	"1.46E8"	"1.5E8"	"1.31E8"	"1.85E8"	"1.45E8"	"1.51E8"	"1.1E8"	"1.61E8"	"1.35E8"	"1.6E8"	"1.7E8"	"1.22E8"	"1.99E8"	"1.69E8"	"1.64E8"	"1.35E8"	"2.2E8"	"1.62E8"	"1.69E8"	"1.26E8"	"1.43E8"	"1.89E8"	"1.89E8"
"CHEBI:18019"	"C6H14N2O2"	"NCCCC[C@H](N)C(O)=O"	"InChI=1S/C6H14N2O2/c7-4-2-1-3-5(8)6(9)10/h5H,1-4,7-8H2,(H,9,10)/t5-/m0/s1"	"L-Lysine"	"[1.7678 ... 1.7477]"	"lysine_22"	""	"NCBITAXON:http://purl.bioontology.org/ontology/NCBITAXON/9606"	"Homo sapiens"	""	""	"MSI level 1"	""	""	""	""	""	""	"6.17E7"	"5.88E7"	"7.15E7"	"5.73E7"	"7.98E7"	"6.12E7"	"6.08E7"	"6.1E7"	"6.97E7"	"6.19E7"	"6.66E7"	"6.98E7"	"5.07E7"	"9.91E7"	"7.32E7"	"7.0E7"	"6.02E7"	"8.74E7"	"7.97E7"	"8.12E7"	"5.41E7"	"6.01E7"	"7.85E7"	"7.51E7"
"CHEBI:18019"	"C6H14N2O2"	"NCCCC[C@H](N)C(O)=O"	"InChI=1S/C6H14N2O2/c7-4-2-1-3-5(8)6(9)10/h5H,1-4,7-8H2,(H,9,10)/t5-/m0/s1"	"L-Lysine"	"[1.9157 ... 1.8586]"	"lysine_23"	""	"NCBITAXON:http://purl.bioontology.org/ontology/NCBITAXON/9606"	"Homo sapiens"	""	""	"MSI level 1"	""	""	""	""	""	""	"6.78E7"	"7.13E7"	"7.26E7"	"6.58E7"	"9.46E7"	"6.88E7"	"7.44E7"	"5.47E7"	"7.72E7"	"7.06E7"	"7.93E7"	"8.87E7"	"7.23E7"	"9.65E7"	"8.23E7"	"8.53E7"	"6.38E7"	"1.08E8"	"9.11E7"	"9.18E7"	"8.02E7"	"8.2E7"	"1.03E8"	"9.1E7"
"CHEBI:15366"	"C2H4O2"	"CC(O)=O"	"InChI=1S/C2H4O2/c1-2(3)4/h1H3,(H,3,4)"	"Acetic acid"	"[1.9269 ... 1.9157]"	"acetate_24"	""	"NCBITAXON:http://purl.bioontology.org/ontology/NCBITAXON/9606"	"Homo sapiens"	""	""	"MSI level 1"	""	""	""	""	""	""	"1.78E8"	"1.72E8"	"1.69E8"	"1.76E8"	"2.14E8"	"2.25E8"	"2.08E8"	"1.55E8"	"2.28E8"	"1.75E8"	"3.18E8"	"3.35E8"	"3.27E8"	"6.07E8"	"3.13E8"	"3.31E8"	"2.39E8"	"4.44E8"	"3.34E8"	"3.07E8"	"3.23E8"	"3.22E8"	"4.25E8"	"3.89E8"
"CHEBI:18257"	"C5H12N2O2"	"NCCCC(N)C(O)=O"	"InChI=1S/C5H12N2O2/c6-3-1-2-4(7)5(8)9/h4H,1-3,6-7H2,(H,8,9)"	"Ornithine"	"[1.9415 ... 1.9269]"	"ornithine_25"	""	"NCBITAXON:http://purl.bioontology.org/ontology/NCBITAXON/9606"	"Homo sapiens"	""	""	"MSI level 2"	""	""	""	""	""	""	"8.17E7"	"7.22E7"	"1.07E8"	"1.22E8"	"1.04E8"	"1.89E8"	"8.06E7"	"9.03E7"	"1.78E8"	"7.67E7"	"9.43E7"	"9.77E7"	"6.6E7"	"1.29E8"	"9.43E7"	"9.13E7"	"7.9E7"	"9.96E7"	"1.04E8"	"1.16E8"	"7.72E7"	"8.47E7"	"9.95E7"	"1.05E8"
"CHEBI:17191"	"C6H13NO2"	"CC[C@H](C)[C@H](N)C(O)=O"	"InChI=1S/C6H13NO2/c1-3-4(2)5(7)6(8)9/h4-5H,3,7H2,1-2H3,(H,8,9)/t4-,5-/m0/s1"	"L-Isoleucine"	"[1.9868 ... 1.9415]"	"mobile-lipid/isoleucine_26"	"overlapped with unknown"	"NCBITAXON:http://purl.bioontology.org/ontology/NCBITAXON/9606"	"Homo sapiens"	""	""	"MSI level 3"	""	""	""	""	""	""	"1.14E8"	"7.91E7"	"9.35E7"	"8.98E7"	"1.24E8"	"1.45E8"	"9.29E7"	"6.64E7"	"1.18E8"	"7.61E7"	"1.16E8"	"1.18E8"	"6.07E7"	"9.08E7"	"9.01E7"	"1.12E8"	"8.52E7"	"1.09E8"	"9.63E7"	"1.26E8"	"6.17E7"	"9.31E7"	"1.01E8"	"1.54E8"
"CHEBI:17203"	"C5H9NO2"	"OC(=O)[C@@H]1CCCN1"	"InChI=1S/C5H9NO2/c7-5(8)4-2-1-3-6-4/h4,6H,1-3H2,(H,7,8)/t4-/m0/s1"	"L-Proline"	"[2.0037 ... 1.9868]"	"proline_27"	""	"NCBITAXON:http://purl.bioontology.org/ontology/NCBITAXON/9606"	"Homo sapiens"	""	""	"MSI level 1"	""	""	""	""	""	""	"2.45E8"	"1.45E8"	"1.65E8"	"1.48E8"	"2.28E8"	"2.02E8"	"1.83E8"	"1.01E8"	"1.62E8"	"1.39E8"	"1.92E8"	"1.84E8"	"1.05E8"	"1.19E8"	"1.19E8"	"1.95E8"	"1.11E8"	"1.96E8"	"1.38E8"	"1.71E8"	"1.02E8"	"1.49E8"	"1.57E8"	"2.55E8"
""	""	""	""	"unknown"	"[2.0129 ... 2.0037]"	"unknown_28"	""	"NCBITAXON:http://purl.bioontology.org/ontology/NCBITAXON/9606"	"Homo sapiens"	""	""	"MSI level 4"	""	""	""	""	""	""	"2.88E8"	"1.67E8"	"1.99E8"	"1.74E8"	"2.65E8"	"2.33E8"	"2.23E8"	"1.21E8"	"2.06E8"	"1.81E8"	"2.19E8"	"2.16E8"	"1.24E8"	"1.44E8"	"1.44E8"	"2.16E8"	"1.32E8"	"2.38E8"	"1.62E8"	"1.94E8"	"1.28E8"	"1.79E8"	"1.73E8"	"2.89E8"
""	""	""	""	"unknown"	"[2.0326 ... 2.0129]"	"n-acetylaminoacid_29"	""	"NCBITAXON:http://purl.bioontology.org/ontology/NCBITAXON/9606"	"Homo sapiens"	""	""	"MSI level 2"	""	""	""	""	""	""	"3.14E8"	"2.65E8"	"2.75E8"	"2.45E8"	"3.34E8"	"3.26E8"	"3.15E8"	"1.81E8"	"3.34E8"	"2.6E8"	"3.19E8"	"3.46E8"	"2.26E8"	"2.2E8"	"2.58E8"	"3.07E8"	"2.41E8"	"3.71E8"	"2.54E8"	"2.99E8"	"2.46E8"	"2.95E8"	"2.87E8"	"4.49E8"
""	""	""	""	"unknown"	"[2.0551 ... 2.0326]"	"glycoprotein_30"	""	"NCBITAXON:http://purl.bioontology.org/ontology/NCBITAXON/9606"	"Homo sapiens"	""	""	"MSI level 3"	""	""	""	""	""	""	"5.66E8"	"3.98E8"	"4.61E8"	"3.69E8"	"6.48E8"	"5.9E8"	"5.17E8"	"3.11E8"	"5.16E8"	"3.98E8"	"9.38E8"	"9.55E8"	"4.18E8"	"7.91E8"	"9.19E8"	"6.76E8"	"8.61E8"	"1.02E9"	"6.52E8"	"8.62E8"	"3.93E8"	"8.0E8"	"7.84E8"	"1.46E9"
""	""	""	""	"unknown"	"[2.0993 ... 2.0551]"	"unknown_31"	""	"NCBITAXON:http://purl.bioontology.org/ontology/NCBITAXON/9606"	"Homo sapiens"	""	""	"MSI level 4"	""	""	""	""	""	""	"1.75E8"	"1.34E8"	"1.65E8"	"1.39E8"	"2.04E8"	"1.87E8"	"1.64E8"	"1.15E8"	"1.64E8"	"1.29E8"	"2.85E8"	"2.85E8"	"1.39E8"	"2.56E8"	"2.67E8"	"2.25E8"	"2.32E8"	"3.13E8"	"2.18E8"	"2.62E8"	"1.4E8"	"2.38E8"	"2.53E8"	"3.89E8"
"CHEBI:18050"	"C5H10N2O3"	"N[C@@H](CCC(N)=O)C(O)=O"	"InChI=1S/C5H10N2O3/c6-3(5(9)10)1-2-4(7)8/h3H,1-2,6H2,(H2,7,8)(H,9,10)/t3-/m0/s1"	"L-Glutamine"	"[2.1704 ... 2.0993]"	"glutamine_32"	""	"NCBITAXON:http://purl.bioontology.org/ontology/NCBITAXON/9606"	"Homo sapiens"	""	""	"MSI level 1"	""	""	""	""	""	""	"1.95E8"	"1.87E8"	"2.22E8"	"1.79E8"	"2.6E8"	"2.03E8"	"1.78E8"	"1.51E8"	"2.18E8"	"1.87E8"	"1.35E8"	"1.18E8"	"9.13E7"	"1.33E8"	"1.24E8"	"1.14E8"	"1.22E8"	"1.21E8"	"1.16E8"	"1.15E8"	"1.45E8"	"1.28E8"	"1.06E8"	"1.65E8"
""	""	""	""	"unknown"	"[2.2098 ... 2.1704]"	"unknown_33"	""	"NCBITAXON:http://purl.bioontology.org/ontology/NCBITAXON/9606"	"Homo sapiens"	""	""	"MSI level 4"	""	""	""	""	""	""	"4.29E7"	"2.78E7"	"2.75E7"	"2.74E7"	"4.57E7"	"3.33E7"	"2.76E7"	"2.68E7"	"2.99E7"	"2.77E7"	"2.84E7"	"4.19E7"	"1.43E7"	"5.66E8"	"1.03E8"	"6.04E7"	"1.25E8"	"4.65E7"	"2.06E8"	"1.21E8"	"1.58E9"	"3.26E7"	"5.75E7"	"4.7E7"
""	""	""	""	"unknown"	"[2.2283 ... 2.2098]"	"unknown_34"	""	"NCBITAXON:http://purl.bioontology.org/ontology/NCBITAXON/9606"	"Homo sapiens"	""	""	"MSI level 4"	""	""	""	""	""	""	"6.97E7"	"2.25E7"	"2.24E7"	"2.1E7"	"5.37E7"	"3.76E7"	"2.66E7"	"1.84E7"	"2.54E7"	"1.96E7"	"4.46E7"	"7.51E7"	"2.37E7"	"9.59E8"	"3.9E8"	"7.12E7"	"3.5E8"	"1.21E8"	"4.1E8"	"3.64E8"	"4.63E8"	"5.1E7"	"2.24E8"	"6.54E7"
"CHEBI:15344"	"C4H6O3"	"CC(=O)CC(O)=O"	"InChI=1S/C4H6O3/c1-3(5)2-4(6)7/h2H2,1H3,(H,6,7)"	"Acetoacetic acid"	"[2.2391 ... 2.2283]"	"acetoacetate_35"	""	"NCBITAXON:http://purl.bioontology.org/ontology/NCBITAXON/9606"	"Homo sapiens"	""	""	"MSI level 1"	""	""	""	""	""	""	"1.84E8"	"4.83E7"	"7.41E7"	"4.14E7"	"1.85E8"	"5.67E7"	"1.47E8"	"6.22E7"	"8.25E7"	"6.66E7"	"9.99E7"	"1.97E8"	"7.12E7"	"1.24E8"	"3.53E8"	"1.3E8"	"2.47E8"	"1.35E8"	"1.15E8"	"1.49E8"	"1.89E8"	"1.52E8"	"1.17E8"	"1.5E8"
"CHEBI:16414"	"C5H11NO2"	"CC(C)[C@H](N)C(O)=O"	"InChI=1S/C5H11NO2/c1-3(2)4(6)5(7)8/h3-4H,6H2,1-2H3,(H,7,8)/t4-/m0/s1"	"L-Valine"	"[2.2905 ... 2.2391]"	"valine_36"	""	"NCBITAXON:http://purl.bioontology.org/ontology/NCBITAXON/9606"	"Homo sapiens"	""	""	"MSI level 1"	""	""	""	""	""	""	"9.45E7"	"6.05E7"	"7.46E7"	"5.64E7"	"1.12E8"	"7.2E7"	"9.26E7"	"5.64E7"	"8.04E7"	"7.23E7"	"9.24E7"	"9.15E7"	"5.79E7"	"1.34E8"	"1.03E8"	"9.59E7"	"9.48E7"	"1.2E8"	"1.05E8"	"1.21E8"	"1.54E8"	"8.05E7"	"1.07E8"	"1.1E8"
""	""	""	""	"unknown"	"[2.3319 ... 2.2905]"	"unknown_37"	""	"NCBITAXON:http://purl.bioontology.org/ontology/NCBITAXON/9606"	"Homo sapiens"	""	""	"MSI level 4"	""	""	""	""	""	""	"6.01E7"	"3.9E7"	"4.79E7"	"3.68E7"	"7.38E7"	"4.79E7"	"6.86E7"	"3.85E7"	"5.19E7"	"4.43E7"	"6.98E7"	"7.78E7"	"4.01E7"	"7.54E7"	"8.93E7"	"6.61E7"	"7.33E7"	"8.56E7"	"7.46E7"	"8.22E7"	"5.47E7"	"6.68E7"	"7.27E7"	"9.64E7"
"CHEBI:17203"	"C5H9NO2"	"OC(=O)[C@@H]1CCCN1"	"InChI=1S/C5H9NO2/c7-5(8)4-2-1-3-6-4/h4,6H,1-3H2,(H,7,8)/t4-/m0/s1"	"L-Proline"	"[2.3713 ... 2.3319]"	"pro/gln_38"	"overlapped with HMDB0000641 "	"NCBITAXON:http://purl.bioontology.org/ontology/NCBITAXON/9606"	"Homo sapiens"	""	""	"MSI level 1"	""	""	""	""	""	""	"7.19E7"	"6.9E7"	"8.87E7"	"7.29E7"	"8.8E7"	"7.62E7"	"7.34E7"	"5.55E7"	"7.11E7"	"6.58E7"	"1.8E8"	"2.15E8"	"1.15E8"	"1.84E8"	"1.7E8"	"2.07E8"	"1.33E8"	"2.72E8"	"1.91E8"	"1.82E8"	"1.22E8"	"1.7E8"	"2.64E8"	"1.81E8"
"CHEBI:32816"	"C3H4O3"	"CC(=O)C(O)=O"	"InChI=1S/C3H4O3/c1-2(4)3(5)6/h1H3,(H,5,6)"	"Pyruvic acid"	"[2.3805 ... 2.3713]"	"pyruvate_39"	""	"NCBITAXON:http://purl.bioontology.org/ontology/NCBITAXON/9606"	"Homo sapiens"	""	""	"MSI level 1"	""	""	""	""	""	""	"2.18E8"	"2.33E8"	"3.01E8"	"2.65E8"	"3.19E8"	"3.01E8"	"2.07E8"	"1.93E8"	"2.23E8"	"2.35E8"	"9.0E7"	"8.59E7"	"5.61E7"	"1.07E8"	"9.29E7"	"8.21E7"	"7.1E7"	"9.93E7"	"8.77E7"	"8.25E7"	"5.19E7"	"6.9E7"	"8.44E7"	"9.19E7"
"CHEBI:20067"	"C4H8O3"	"CC(O)CC(O)=O"	"InChI=1S/C4H8O3/c1-3(5)2-4(6)7/h3,5H,2H2,1H3,(H,6,7)"	"3-Hydroxybutyric acid"	"[2.3986 ... 2.3805]"	"3-hydroxybutyrate_40"	""	"NCBITAXON:http://purl.bioontology.org/ontology/NCBITAXON/9606"	"Homo sapiens"	""	""	"MSI level 2"	""	""	""	""	""	""	"4.79E7"	"2.9E7"	"3.86E7"	"3.01E7"	"6.11E7"	"3.56E7"	"6.09E7"	"3.36E7"	"4.32E7"	"3.59E7"	"6.27E7"	"8.0E7"	"6.1E7"	"8.2E7"	"8.79E7"	"5.69E7"	"6.06E7"	"7.83E7"	"6.38E7"	"6.48E7"	"5.96E7"	"6.7E7"	"6.92E7"	"7.89E7"
""	""	""	""	"unknown"	"[2.4123 ... 2.3986]"	"unknown_41"	""	"NCBITAXON:http://purl.bioontology.org/ontology/NCBITAXON/9606"	"Homo sapiens"	""	""	"MSI level 4"	""	""	""	""	""	""	"5.21E7"	"3.01E7"	"3.95E7"	"3.25E7"	"5.89E7"	"3.62E7"	"4.98E7"	"3.57E7"	"4.25E7"	"3.61E7"	"6.77E7"	"8.27E7"	"8.41E7"	"1.15E8"	"9.92E7"	"6.33E7"	"6.35E7"	"8.48E7"	"7.66E7"	"7.31E7"	"8.41E7"	"7.89E7"	"8.6E7"	"8.27E7"
"CHEBI:18050"	"C5H10N2O3"	"N[C@@H](CCC(N)=O)C(O)=O"	"InChI=1S/C5H10N2O3/c6-3(5(9)10)1-2-4(7)8/h3H,1-2,6H2,(H2,7,8)(H,9,10)/t3-/m0/s1"	"L-Glutamine"	"[2.4842 ... 2.4123]"	"glutamine_42"	""	"NCBITAXON:http://purl.bioontology.org/ontology/NCBITAXON/9606"	"Homo sapiens"	""	""	"MSI level 1"	""	""	""	""	""	""	"1.32E8"	"1.51E8"	"1.53E8"	"1.33E8"	"1.97E8"	"1.27E8"	"1.37E8"	"1.11E8"	"1.51E8"	"1.47E8"	"3.2E7"	"4.03E7"	"5.5E7"	"3.52E7"	"2.99E7"	"2.7E7"	"1.65E7"	"2.62E7"	"2.15E7"	"2.49E7"	"4.94E7"	"4.2E7"	"2.2E7"	"3.59E7"
"CHEBI:30769"	"C6H8O7"	"OC(=O)CC(O)(CC(O)=O)C(O)=O"	"InChI=1S/C6H8O7/c7-3(8)1-6(13,5(11)12)2-4(9)10/h13H,1-2H2,(H,7,8)(H,9,10)(H,11,12)"	"Citric acid"	"[2.5544 ... 2.4842]"	"citrate _43"	""	"NCBITAXON:http://purl.bioontology.org/ontology/NCBITAXON/9606"	"Homo sapiens"	""	""	"MSI level 1"	""	""	""	""	""	""	"6.62E7"	"6.4E7"	"7.0E7"	"5.26E7"	"1.1E8"	"6.63E7"	"6.33E7"	"5.52E7"	"6.27E7"	"6.38E7"	"4.1E7"	"4.67E7"	"4.49E7"	"4.5E7"	"4.24E7"	"5.79E7"	"2.46E7"	"5.04E7"	"3.62E7"	"3.75E7"	"4.89E7"	"4.6E7"	"6.22E7"	"4.5E7"
""	""	""	""	"unknown"	"[2.6321 ... 2.5544]"	"unknown_44"	""	"NCBITAXON:http://purl.bioontology.org/ontology/NCBITAXON/9606"	"Homo sapiens"	""	""	"MSI level 4"	""	""	""	""	""	""	"5714686.694"	"3526728.369"	"6195226.482"	"6168005.849"	"8704234.048"	"4528571.022"	"3982096.265"	"9217159.455"	"4664530.803"	"4807013.255"	"1.27E7"	"1.08E7"	"5386891.971"	"1.33E7"	"1.14E7"	"8730619.136"	"1.09E7"	"9946405.264"	"1.08E7"	"1.36E7"	"5155606.989"	"1.01E7"	"9013503.929"	"1.99E7"
"CHEBI:16643"	"C5H11NO2S"	"CSCC[C@H](N)C(O)=O"	"InChI=1S/C5H11NO2S/c1-9-3-2-4(6)5(7)8/h4H,2-3,6H2,1H3,(H,7,8)/t4-/m0/s1"	"L-Methionine"	"[2.6472 ... 2.6321]"	"methionine_45"	""	"NCBITAXON:http://purl.bioontology.org/ontology/NCBITAXON/9606"	"Homo sapiens"	""	""	"MSI level 1"	""	""	""	""	""	""	"1.94E7"	"1.68E7"	"1.3E7"	"1.4E7"	"2.46E7"	"1.5E7"	"1.56E7"	"1.63E7"	"1.44E7"	"1.61E7"	"2.61E7"	"2.52E7"	"1.19E7"	"2.32E7"	"2.53E7"	"2.5E7"	"2.0E7"	"3.38E7"	"1.97E7"	"3.41E7"	"1.49E7"	"2.45E7"	"2.73E7"	"4.19E7"
"CHEBI:30769"	"C6H8O7"	"OC(=O)CC(O)(CC(O)=O)C(O)=O"	"InChI=1S/C6H8O7/c7-3(8)1-6(13,5(11)12)2-4(9)10/h13H,1-2H2,(H,7,8)(H,9,10)(H,11,12)"	"Citric acid"	"[2.6932 ... 2.6472]"	"citrate _46"	""	"NCBITAXON:http://purl.bioontology.org/ontology/NCBITAXON/9606"	"Homo sapiens"	""	""	"MSI level 1"	""	""	""	""	""	""	"1.17E8"	"9.79E7"	"1.1E8"	"7.86E7"	"1.76E8"	"1.18E8"	"1.08E8"	"8.42E7"	"1.05E8"	"9.77E7"	"1.06E8"	"1.08E8"	"6.76E7"	"1.03E8"	"1.05E8"	"1.13E8"	"8.79E7"	"1.17E8"	"7.55E7"	"9.88E7"	"6.92E7"	"9.75E7"	"1.27E8"	"1.5E8"
"CHEBI:17549"	"C5H9NO3"	"NCC(=O)CCC(O)=O"	"InChI=1S/C5H9NO3/c6-3-4(7)1-2-5(8)9/h1-3,6H2,(H,8,9)"	"5-Aminolevulinic acid"	"[2.7300 ... 2.6932]"	"5-aminolevulinate_47"	""	"NCBITAXON:http://purl.bioontology.org/ontology/NCBITAXON/9606"	"Homo sapiens"	""	""	"MSI level 2"	""	""	""	""	""	""	"6.51E7"	"3.09E7"	"4.35E7"	"3.6E7"	"6.16E7"	"6.01E7"	"5.43E7"	"3.78E7"	"4.96E7"	"4.12E7"	"6.76E7"	"6.25E7"	"2.73E7"	"5.02E7"	"5.67E7"	"5.17E7"	"5.29E7"	"6.0E7"	"4.82E7"	"6.54E7"	"2.99E7"	"5.43E7"	"5.43E7"	"1.03E8"
"CHEBI:17170"	"C2H7N"	"[H]N(C)C"	"InChI=1S/C2H7N/c1-3-2/h3H,1-2H3"	"Dimethylamine"	"[2.7518 ... 2.7300]"	"DMA_48"	""	"NCBITAXON:http://purl.bioontology.org/ontology/NCBITAXON/9606"	"Homo sapiens"	""	""	"MSI level 2"	""	""	""	""	""	""	"6.46E7"	"3.13E7"	"3.17E7"	"3.74E7"	"5.38E7"	"5.91E7"	"4.55E7"	"2.51E7"	"3.45E7"	"3.53E7"	"5.83E7"	"5.85E7"	"2.86E7"	"5.59E7"	"5.47E7"	"5.11E7"	"4.99E7"	"5.79E7"	"4.55E7"	"6.43E7"	"2.5E7"	"5.01E7"	"6.07E7"	"8.12E7"
"CHEBI:15611"	"C3H7NO2"	"CNCC(O)=O"	"InChI=1S/C3H7NO2/c1-4-2-3(5)6/h4H,2H2,1H3,(H,5,6)"	"Sarcosine"	"[2.7564 ... 2.7518]"	"sarcosine_49"	""	"NCBITAXON:http://purl.bioontology.org/ontology/NCBITAXON/9606"	"Homo sapiens"	""	""	"MSI level 2"	""	""	""	""	""	""	"8.03E7"	"4.32E7"	"4.61E7"	"4.74E7"	"6.69E7"	"7.83E7"	"6.41E7"	"3.49E7"	"4.69E7"	"5.34E7"	"1.17E8"	"1.11E8"	"6.53E7"	"9.14E7"	"1.12E8"	"9.84E7"	"9.24E7"	"1.17E8"	"1.1E8"	"1.03E8"	"4.19E7"	"9.48E7"	"1.13E8"	"1.27E8"
"CHEBI:17196"	"C4H8N2O3"	"N[C@@H](CC(N)=O)C(O)=O"	"InChI=1S/C4H8N2O3/c5-2(4(8)9)1-3(6)7/h2H,1,5H2,(H2,6,7)(H,8,9)/t2-/m0/s1"	"L-Asparagine"	"[2.8710 ... 2.8312]"	"asparagine_50"	""	"NCBITAXON:http://purl.bioontology.org/ontology/NCBITAXON/9606"	"Homo sapiens"	""	""	"MSI level 1"	""	""	""	""	""	""	"2.53E7"	"2.23E7"	"2.5E7"	"2.11E7"	"2.97E7"	"3.76E7"	"2.32E7"	"1.91E7"	"2.98E7"	"1.95E7"	"2.29E7"	"2.68E7"	"1.5E7"	"1.85E7"	"2.32E7"	"2.1E7"	"1.84E7"	"2.76E7"	"2.41E7"	"2.37E7"	"1.23E7"	"2.26E7"	"2.58E7"	"2.79E7"
""	""	""	""	"unknown"	"[2.8885 ... 2.8710]"	"unknown_51"	""	"NCBITAXON:http://purl.bioontology.org/ontology/NCBITAXON/9606"	"Homo sapiens"	""	""	"MSI level 4"	""	""	""	""	""	""	"1.95E7"	"1.63E7"	"6.76E7"	"9.62E7"	"2.37E7"	"1.73E8"	"2.08E7"	"6.15E7"	"1.6E8"	"1.41E7"	"2.39E7"	"2.88E7"	"1.48E7"	"2.08E7"	"2.46E7"	"2.38E7"	"2.17E7"	"2.93E7"	"2.06E7"	"2.78E7"	"1.45E7"	"2.69E7"	"2.52E7"	"3.23E7"
""	""	""	""	"unknown"	"[2.9203 ... 2.8885]"	"unknown_52"	""	"NCBITAXON:http://purl.bioontology.org/ontology/NCBITAXON/9606"	"Homo sapiens"	""	""	"MSI level 4"	""	""	""	""	""	""	"5.6E7"	"4.64E7"	"5.47E7"	"3.72E7"	"5.84E7"	"5.88E7"	"5.25E7"	"3.13E7"	"5.04E7"	"3.66E7"	"4.96E7"	"6.22E7"	"3.71E7"	"4.3E7"	"4.52E7"	"5.31E7"	"3.96E7"	"6.68E7"	"5.89E7"	"5.7E7"	"3.59E7"	"5.8E7"	"5.8E7"	"6.22E7"
""	""	""	""	"unknown"	"[2.9304 ... 2.9203]"	"unknown_53"	""	"NCBITAXON:http://purl.bioontology.org/ontology/NCBITAXON/9606"	"Homo sapiens"	""	""	"MSI level 4"	""	""	""	""	""	""	"6.73E7"	"5.44E7"	"6.23E7"	"4.87E7"	"1.09E8"	"6.4E7"	"6.3E7"	"3.85E7"	"5.78E7"	"8.12E7"	"6.71E7"	"8.17E7"	"4.14E7"	"5.08E7"	"5.66E7"	"6.22E7"	"5.25E7"	"7.88E7"	"1.06E8"	"5.85E7"	"4.61E7"	"6.51E7"	"6.98E7"	"6.68E7"
"CHEBI:17196"	"C4H8N2O3"	"N[C@@H](CC(N)=O)C(O)=O"	"InChI=1S/C4H8N2O3/c5-2(4(8)9)1-3(6)7/h2H,1,5H2,(H2,6,7)(H,8,9)/t2-/m0/s1"	"L-Asparagine"	"[2.9701 ... 2.9304]"	"asparagine_54"	""	"NCBITAXON:http://purl.bioontology.org/ontology/NCBITAXON/9606"	"Homo sapiens"	""	""	"MSI level 1"	""	""	""	""	""	""	"7.43E7"	"6.53E7"	"6.26E7"	"4.83E7"	"8.44E7"	"7.42E7"	"7.33E7"	"4.12E7"	"6.45E7"	"5.32E7"	"7.24E7"	"8.49E7"	"4.86E7"	"6.26E7"	"6.52E7"	"7.14E7"	"6.17E7"	"9.28E7"	"7.19E7"	"7.41E7"	"4.89E7"	"7.89E7"	"7.8E7"	"8.56E7"
"CHEBI:18019"	"C6H14N2O2"	"NCCCC[C@H](N)C(O)=O"	"InChI=1S/C6H14N2O2/c7-4-2-1-3-5(8)6(9)10/h5H,1-4,7-8H2,(H,9,10)/t5-/m0/s1"	"L-Lysine"	"[3.0387 ... 3.0199]"	"lysine _55"	""	"NCBITAXON:http://purl.bioontology.org/ontology/NCBITAXON/9606"	"Homo sapiens"	""	""	"MSI level 1"	""	""	""	""	""	""	"2.41E8"	"2.42E8"	"2.38E8"	"2.05E8"	"3.17E8"	"2.63E8"	"2.67E8"	"1.62E8"	"2.7E8"	"2.15E8"	"2.43E8"	"2.97E8"	"1.82E8"	"2.8E8"	"2.43E8"	"2.56E8"	"1.9E8"	"3.46E8"	"2.22E8"	"2.58E8"	"2.12E8"	"2.53E8"	"2.78E8"	"2.65E8"
"CHEBI:16919"	"C4H9N3O2"	"CN(CC(O)=O)C(N)=N"	"InChI=1S/C4H9N3O2/c1-7(4(5)6)2-3(8)9/h2H2,1H3,(H3,5,6)(H,8,9)"	"Creatine"	"[3.0446 ... 3.0387]"	"creatine _56"	""	"NCBITAXON:http://purl.bioontology.org/ontology/NCBITAXON/9606"	"Homo sapiens"	""	""	"MSI level 1"	""	""	""	""	""	""	"2.05E8"	"2.11E8"	"2.25E8"	"2.11E8"	"5.59E8"	"2.71E8"	"3.48E8"	"1.85E8"	"4.3E8"	"4.22E8"	"3.06E8"	"4.9E8"	"1.62E8"	"3.55E8"	"2.74E8"	"2.78E8"	"2.3E8"	"5.87E8"	"2.13E8"	"3.25E8"	"2.25E8"	"4.04E8"	"2.95E8"	"2.94E8"
"CHEBI:18019"	"C6H14N2O2"	"NCCCC[C@H](N)C(O)=O"	"InChI=1S/C6H14N2O2/c7-4-2-1-3-5(8)6(9)10/h5H,1-4,7-8H2,(H,9,10)/t5-/m0/s1"	"L-Lysine"	"[3.0513 ... 3.0446]"	"lysine/creatinine _57"	"overlapped with HMDB0000562 "	"NCBITAXON:http://purl.bioontology.org/ontology/NCBITAXON/9606"	"Homo sapiens"	""	""	"MSI level 1"	""	""	""	""	""	""	"4.34E8"	"3.76E8"	"5.09E8"	"3.46E8"	"5.56E8"	"3.86E8"	"3.53E8"	"2.75E8"	"4.17E8"	"3.21E8"	"3.03E8"	"3.11E8"	"2.59E8"	"3.37E8"	"3.36E8"	"2.98E8"	"2.59E8"	"4.65E8"	"2.83E8"	"3.25E8"	"2.53E8"	"2.94E8"	"3.7E8"	"2.87E8"
"CHEBI:18257"	"C5H12N2O2"	"NCCCC(N)C(O)=O"	"InChI=1S/C5H12N2O2/c6-3-1-2-4(7)5(8)9/h4H,1-3,6-7H2,(H,8,9)"	"Ornithine"	"[3.0554 ... 3.0513]"	"ornithine_58"	""	"NCBITAXON:http://purl.bioontology.org/ontology/NCBITAXON/9606"	"Homo sapiens"	""	""	"MSI level 2"	""	""	""	""	""	""	"1.25E8"	"1.01E8"	"1.27E8"	"9.12E7"	"1.61E8"	"1.19E8"	"1.15E8"	"9.66E7"	"1.25E8"	"1.11E8"	"1.36E8"	"1.71E8"	"9.01E7"	"2.24E8"	"1.37E8"	"1.3E8"	"1.22E8"	"1.59E8"	"1.49E8"	"1.58E8"	"1.12E8"	"1.36E8"	"1.38E8"	"1.42E8"
"CHEBI:17895"	"C9H11NO3"	"N[C@@H](Cc1ccc(O)cc1)C(O)=O"	"InChI=1S/C9H11NO3/c10-8(9(12)13)5-6-1-3-7(11)4-2-6/h1-4,8,11H,5,10H2,(H,12,13)/t8-/m0/s1"	"L-Tyrosine"	"[3.0617 ... 3.0554]"	"tyrosine_59"	""	"NCBITAXON:http://purl.bioontology.org/ontology/NCBITAXON/9606"	"Homo sapiens"	""	""	"MSI level 1"	""	""	""	""	""	""	"8.76E7"	"7.74E7"	"8.37E7"	"6.97E7"	"1.12E8"	"9.3E7"	"8.86E7"	"6.09E7"	"8.75E7"	"8.07E7"	"1.09E8"	"1.2E8"	"6.51E7"	"1.3E8"	"1.01E8"	"1.03E8"	"8.31E7"	"1.18E8"	"1.03E8"	"1.34E8"	"7.84E7"	"1.01E8"	"1.06E8"	"1.19E8"
"CHEBI:18257"	"C5H12N2O2"	"NCCCC(N)C(O)=O"	"InChI=1S/C5H12N2O2/c6-3-1-2-4(7)5(8)9/h4H,1-3,6-7H2,(H,8,9)"	"Ornithine"	"[3.0680 ... 3.0617]"	"ornithine_60"	""	"NCBITAXON:http://purl.bioontology.org/ontology/NCBITAXON/9606"	"Homo sapiens"	""	""	"MSI level 2"	""	""	""	""	""	""	"1.03E8"	"8.7E7"	"9.64E7"	"7.26E7"	"1.43E8"	"9.49E7"	"9.93E7"	"8.1E7"	"1.09E8"	"9.75E7"	"1.29E8"	"1.39E8"	"7.97E7"	"2.51E8"	"1.23E8"	"1.19E8"	"1.2E8"	"1.13E8"	"1.5E8"	"1.52E8"	"1.03E8"	"1.15E8"	"1.2E8"	"1.13E8"
"CHEBI:17895"	"C9H11NO3"	"N[C@@H](Cc1ccc(O)cc1)C(O)=O"	"InChI=1S/C9H11NO3/c10-8(9(12)13)5-6-1-3-7(11)4-2-6/h1-4,8,11H,5,10H2,(H,12,13)/t8-/m0/s1"	"L-Tyrosine"	"[3.0730 ... 3.0680]"	"tyrosine_61"	""	"NCBITAXON:http://purl.bioontology.org/ontology/NCBITAXON/9606"	"Homo sapiens"	""	""	"MSI level 1"	""	""	""	""	""	""	"5.94E7"	"5.63E7"	"5.39E7"	"5.11E7"	"7.75E7"	"6.41E7"	"6.03E7"	"4.74E7"	"6.07E7"	"5.75E7"	"7.2E7"	"7.65E7"	"4.42E7"	"1.13E8"	"7.25E7"	"6.65E7"	"6.07E7"	"7.42E7"	"7.16E7"	"9.51E7"	"5.57E7"	"6.42E7"	"6.61E7"	"7.5E7"
"CHEBI:18257"	"C5H12N2O2"	"NCCCC(N)C(O)=O"	"InChI=1S/C5H12N2O2/c6-3-1-2-4(7)5(8)9/h4H,1-3,6-7H2,(H,8,9)"	"Ornithine"	"[3.0789 ... 3.0730]"	"ornithine_62"	""	"NCBITAXON:http://purl.bioontology.org/ontology/NCBITAXON/9606"	"Homo sapiens"	""	""	"MSI level 2"	""	""	""	""	""	""	"5.89E7"	"4.84E7"	"5.29E7"	"4.38E7"	"7.94E7"	"5.22E7"	"5.9E7"	"4.34E7"	"5.88E7"	"5.3E7"	"7.09E7"	"7.38E7"	"4.55E7"	"1.94E8"	"6.85E7"	"6.27E7"	"6.87E7"	"6.18E7"	"7.65E7"	"8.19E7"	"5.94E7"	"5.98E7"	"5.55E7"	"6.56E7"
"CHEBI:15971"	"C6H9N3O2"	"N[C@@H](Cc1c[nH]cn1)C(O)=O"	"InChI=1S/C6H9N3O2/c7-5(6(10)11)1-4-2-8-3-9-4/h2-3,5H,1,7H2,(H,8,9)(H,10,11)/t5-/m0/s1"	"L-Histidine"	"[3.1500 ... 3.1044]"	"histidine/phenylalanine_63"	"overlapped with HMDB0000159 "	"NCBITAXON:http://purl.bioontology.org/ontology/NCBITAXON/9606"	"Homo sapiens"	""	""	"MSI level 1"	""	""	""	""	""	""	"4.89E7"	"4.25E7"	"4.28E7"	"3.21E7"	"5.86E7"	"4.77E7"	"3.82E7"	"2.68E7"	"4.4E7"	"4.56E7"	"4.63E7"	"5.73E7"	"3.83E7"	"1.82E8"	"6.22E7"	"4.53E7"	"4.36E7"	"5.42E7"	"7.87E7"	"7.11E7"	"2.0E8"	"4.26E7"	"5.71E7"	"5.12E7"
"CHEBI:30794"	"C3H4O4"	"OC(=O)CC(O)=O"	"InChI=1S/C3H4O4/c4-2(5)1-3(6)7/h1H2,(H,4,5)(H,6,7)"	"Malonic acid"	"[3.1583 ... 3.1500]"	"malonate_64"	""	"NCBITAXON:http://purl.bioontology.org/ontology/NCBITAXON/9606"	"Homo sapiens"	""	""	"MSI level 2"	""	""	""	""	""	""	"1.04E8"	"9.33E7"	"1.05E8"	"7.83E7"	"1.2E8"	"1.16E8"	"7.92E7"	"5.39E7"	"7.58E7"	"9.3E7"	"5.56E7"	"1.12E8"	"4.73E7"	"1.32E8"	"1.26E8"	"7.78E7"	"7.83E7"	"7.59E7"	"1.24E8"	"9.44E7"	"7.88E8"	"6.66E7"	"6.85E7"	"6.37E7"
"CHEBI:15971"	"C6H9N3O2"	"N[C@@H](Cc1c[nH]cn1)C(O)=O"	"InChI=1S/C6H9N3O2/c7-5(6(10)11)1-4-2-8-3-9-4/h2-3,5H,1,7H2,(H,8,9)(H,10,11)/t5-/m0/s1"	"L-Histidine"	"[3.1650 ... 3.1583]"	"histidine/phenylalanine_65"	"overlapped with HMDB0000159 "	"NCBITAXON:http://purl.bioontology.org/ontology/NCBITAXON/9606"	"Homo sapiens"	""	""	"MSI level 1"	""	""	""	""	""	""	"3.23E7"	"2.52E7"	"2.87E7"	"2.26E7"	"3.85E7"	"2.6E7"	"2.31E7"	"1.63E7"	"2.27E7"	"2.89E7"	"3.43E7"	"4.75E7"	"2.37E7"	"7.22E7"	"5.83E7"	"4.06E7"	"4.0E7"	"3.4E7"	"1.02E8"	"5.55E7"	"9.22E8"	"3.37E7"	"3.94E7"	"4.08E7"
"CHEBI:15354"	"C5H14NO+"	"C[N+](C)(C)CCO"	"InChI=1S/C5H14NO/c1-6(2,3)4-5-7/h7H,4-5H2,1-3H3/q+1"	"Choline"	"[3.1968 ... 3.1872]"	"choline _66"	""	"NCBITAXON:http://purl.bioontology.org/ontology/NCBITAXON/9606"	"Homo sapiens"	""	""	"MSI level 2"	""	""	""	""	""	""	"2.02E8"	"1.38E8"	"1.64E8"	"1.23E8"	"2.29E8"	"1.72E8"	"1.63E8"	"9.95E7"	"1.44E8"	"1.45E8"	"1.33E8"	"1.68E8"	"9.94E7"	"1.09E8"	"1.31E8"	"1.53E8"	"1.08E8"	"1.67E8"	"1.31E8"	"1.48E8"	"2.55E8"	"1.56E8"	"1.37E8"	"1.42E8"
"CHEBI:18132"	"C5H15NO4P+"	"C[N+](C)(C)CCOP(O)(O)=O"	"InChI=1S/C5H14NO4P/c1-6(2,3)4-5-10-11(7,8)9/h4-5H2,1-3H3,(H-,7,8,9)/p+1"	"Phosphorylcholine"	"[3.2052 ... 3.1968]"	"o-phosphocholine_67"	""	"NCBITAXON:http://purl.bioontology.org/ontology/NCBITAXON/9606"	"Homo sapiens"	""	""	"MSI level 2"	""	""	""	""	""	""	"3.15E8"	"2.16E8"	"2.16E8"	"2.01E8"	"3.21E8"	"2.49E8"	"2.45E8"	"1.67E8"	"2.28E8"	"1.88E8"	"3.03E8"	"3.98E8"	"2.25E8"	"3.74E8"	"2.73E8"	"3.12E8"	"2.17E8"	"3.48E8"	"2.71E8"	"3.37E8"	"2.61E8"	"3.52E8"	"3.39E8"	"3.21E8"
"CHEBI:15355"	"C7H16NO2+"	"CC(=O)OCC[N+](C)(C)C"	"InChI=1S/C7H16NO2/c1-7(9)10-6-5-8(2,3)4/h5-6H2,1-4H3/q+1"	"Acetylcholine"	"[3.2202 ... 3.2052]"	"carnitine/acetylcholine_68"	"overlapped with HMDB0000062"	"NCBITAXON:http://purl.bioontology.org/ontology/NCBITAXON/9606"	"Homo sapiens"	""	""	"MSI level 2"	""	""	""	""	""	""	"4.97E8"	"3.3E8"	"2.58E8"	"2.91E8"	"4.01E8"	"4.42E8"	"4.51E8"	"1.76E8"	"3.39E8"	"3.56E8"	"2.68E8"	"4.63E8"	"2.05E8"	"1.54E8"	"1.82E8"	"3.06E8"	"1.57E8"	"2.91E8"	"1.86E8"	"2.58E8"	"1.99E8"	"3.79E8"	"2.08E8"	"3.78E8"
"CHEBI:16870"	"C8H20NO6P"	"C[N+](C)(C)CCOP([O-])(=O)OC[C@H](O)CO"	"InChI=1S/C8H20NO6P/c1-9(2,3)4-5-14-16(12,13)15-7-8(11)6-10/h8,10-11H,4-7H2,1-3H3/t8-/m1/s1"	"Glycerophosphocholine"	"[3.2311 ... 3.2202]"	"sn-glycero-3-phosphocholine _69"	""	"NCBITAXON:http://purl.bioontology.org/ontology/NCBITAXON/9606"	"Homo sapiens"	""	""	"MSI level 2"	""	""	""	""	""	""	"7.47E8"	"6.58E8"	"5.62E8"	"5.27E8"	"7.33E8"	"7.02E8"	"8.97E8"	"3.79E8"	"7.1E8"	"9.62E8"	"5.03E8"	"8.12E8"	"4.92E8"	"5.95E8"	"4.18E8"	"5.56E8"	"3.3E8"	"6.01E8"	"3.73E8"	"4.43E8"	"4.66E8"	"6.23E8"	"5.26E8"	"5.64E8"
"CHEBI:4167"	"C6H12O6"	"OC[C@H]1OC(O)[C@H](O)[C@@H](O)[C@@H]1O"	"InChI=1S/C6H12O6/c7-1-2-3(8)4(9)5(10)6(11)12-2/h2-11H,1H2/t2-,3-,4+,5-,6?/m1/s1"	"D-Glucose"	"[3.2440 ... 3.2311]"	"glucose_70"	""	"NCBITAXON:http://purl.bioontology.org/ontology/NCBITAXON/9606"	"Homo sapiens"	""	""	"MSI level 1"	""	""	""	""	""	""	"6.33E8"	"5.74E8"	"6.44E8"	"5.04E8"	"7.21E8"	"7.05E8"	"6.81E8"	"4.05E8"	"5.87E8"	"6.52E8"	"4.94E8"	"6.78E8"	"4.74E8"	"2.01E8"	"2.24E8"	"7.63E8"	"3.24E8"	"5.16E8"	"2.94E8"	"4.37E8"	"4.71E8"	"5.94E8"	"3.98E8"	"7.02E8"
"CHEBI:4167"	"C6H12O6"	"OC[C@H]1OC(O)[C@H](O)[C@@H](O)[C@@H]1O"	"InChI=1S/C6H12O6/c7-1-2-3(8)4(9)5(10)6(11)12-2/h2-11H,1H2/t2-,3-,4+,5-,6?/m1/s1"	"D-Glucose"	"[3.2576 ... 3.2440]"	"glucose/taurine_71"	"overlapped with HMDB0000251"	"NCBITAXON:http://purl.bioontology.org/ontology/NCBITAXON/9606"	"Homo sapiens"	""	""	"MSI level 1"	""	""	""	""	""	""	"8.97E8"	"8.88E8"	"1.04E9"	"8.17E8"	"1.18E9"	"1.06E9"	"9.2E8"	"6.89E8"	"8.5E8"	"9.15E8"	"7.09E8"	"9.61E8"	"6.76E8"	"1.97E8"	"3.28E8"	"1.17E9"	"4.5E8"	"7.15E8"	"3.74E8"	"6.26E8"	"7.33E8"	"8.34E8"	"5.55E8"	"1.02E9"
"CHEBI:15891"	"C2H7NO3S"	"C(CS(O)(=O)=O)N"	"InChI=1S/C2H7NO3S/c3-1-2-7(4,5)6/h1-3H2,(H,4,5,6)"	"Taurine"	"[3.2641 ... 3.2576]"	"taurine_72"	""	"NCBITAXON:http://purl.bioontology.org/ontology/NCBITAXON/9606"	"Homo sapiens"	""	""	"MSI level 1"	""	""	""	""	""	""	"4.87E8"	"4.71E8"	"4.71E8"	"4.38E8"	"7.3E8"	"4.81E8"	"4.14E8"	"3.79E8"	"4.79E8"	"4.07E8"	"5.22E8"	"5.25E8"	"3.62E8"	"2.14E8"	"3.44E8"	"6.82E8"	"3.07E8"	"4.39E8"	"2.65E8"	"4.14E8"	"4.27E8"	"4.72E8"	"4.57E8"	"6.27E8"
"CHEBI:4167"	"C6H12O6"	"OC[C@H]1OC(O)[C@H](O)[C@@H](O)[C@@H]1O"	"InChI=1S/C6H12O6/c7-1-2-3(8)4(9)5(10)6(11)12-2/h2-11H,1H2/t2-,3-,4+,5-,6?/m1/s1"	"D-Glucose"	"[3.2696 ... 3.2641]"	"glucose_73"	""	"NCBITAXON:http://purl.bioontology.org/ontology/NCBITAXON/9606"	"Homo sapiens"	""	""	"MSI level 1"	""	""	""	""	""	""	"1.11E9"	"1.09E9"	"1.28E9"	"1.13E9"	"1.47E9"	"1.29E9"	"1.05E9"	"9.55E8"	"1.03E9"	"1.12E9"	"9.75E8"	"1.05E9"	"7.42E8"	"3.04E8"	"4.82E8"	"1.34E9"	"5.26E8"	"7.66E8"	"4.22E8"	"7.71E8"	"8.3E8"	"8.6E8"	"6.54E8"	"1.13E9"
"CHEBI:15891"	"C2H7NO3S"	"C(CS(O)(=O)=O)N"	"InChI=1S/C2H7NO3S/c3-1-2-7(4,5)6/h1-3H2,(H,4,5,6)"	"Taurine"	"[3.2754 ... 3.2696]"	"taurine_74"	""	"NCBITAXON:http://purl.bioontology.org/ontology/NCBITAXON/9606"	"Homo sapiens"	""	""	"MSI level 1"	""	""	""	""	""	""	"1.21E8"	"9.28E7"	"1.02E8"	"1.15E8"	"1.3E8"	"1.15E8"	"9.92E7"	"9.51E7"	"1.2E8"	"1.14E8"	"8.1E7"	"9.19E7"	"6.28E7"	"5.6E7"	"7.25E7"	"9.08E7"	"6.82E7"	"9.24E7"	"7.43E7"	"7.33E7"	"6.36E7"	"8.95E7"	"7.08E7"	"9.51E7"
"CHEBI:17268"	"C6H12O6"	"O[C@H]1[C@H](O)[C@@H](O)[C@H](O)[C@H](O)[C@@H]1O"	"InChI=1S/C6H12O6/c7-1-2(8)4(10)6(12)5(11)3(1)9/h1-12H/t1-,2-,3-,4+,5-,6-"	"Myoinositol"	"[3.3076 ... 3.2754]"	"myoinositol_75"	""	"NCBITAXON:http://purl.bioontology.org/ontology/NCBITAXON/9606"	"Homo sapiens"	""	""	"MSI level 1"	""	""	""	""	""	""	"7.19E7"	"6.77E7"	"5.41E7"	"4.84E7"	"9.39E7"	"6.5E7"	"5.51E7"	"5.26E7"	"6.38E7"	"5.69E7"	"4.11E7"	"6.23E7"	"4.08E7"	"5.57E7"	"6.0E7"	"5.44E7"	"4.54E7"	"7.51E7"	"7.41E7"	"5.1E7"	"4.84E7"	"6.45E7"	"6.18E7"	"6.9E7"
"CHEBI:17203"	"C5H9NO2"	"OC(=O)[C@@H]1CCCN1"	"InChI=1S/C5H9NO2/c7-5(8)4-2-1-3-6-4/h4,6H,1-3H2,(H,7,8)/t4-/m0/s1"	"L-Proline"	"[3.3599 ... 3.3076]"	"proline _76"	""	"NCBITAXON:http://purl.bioontology.org/ontology/NCBITAXON/9606"	"Homo sapiens"	""	""	"MSI level 1"	""	""	""	""	""	""	"5.63E7"	"6.42E7"	"6.47E7"	"5.17E7"	"9.12E7"	"5.12E7"	"5.72E7"	"4.53E7"	"5.15E7"	"4.56E7"	"4.84E7"	"6.62E7"	"4.66E7"	"5.68E7"	"5.24E7"	"6.59E7"	"2.98E7"	"8.62E7"	"5.91E7"	"4.9E7"	"5.13E7"	"6.83E7"	"6.66E7"	"7.37E7"
"CHEBI:4167"	"C6H12O6"	"OC[C@H]1OC(O)[C@H](O)[C@@H](O)[C@@H]1O"	"InChI=1S/C6H12O6/c7-1-2-3(8)4(9)5(10)6(11)12-2/h2-11H,1H2/t2-,3-,4+,5-,6?/m1/s1"	"D-Glucose"	"[3.4163 ... 3.3599]"	"glucose _77"	""	"NCBITAXON:http://purl.bioontology.org/ontology/NCBITAXON/9606"	"Homo sapiens"	""	""	"MSI level 1"	""	""	""	""	""	""	"3.38E8"	"3.53E8"	"4.16E8"	"3.06E8"	"4.78E8"	"4.02E8"	"3.41E8"	"2.66E8"	"3.28E8"	"3.56E8"	"2.73E8"	"3.85E8"	"2.75E8"	"6.56E7"	"1.1E8"	"4.91E8"	"1.73E8"	"2.82E8"	"1.39E8"	"2.56E8"	"2.79E8"	"3.21E8"	"2.12E8"	"4.31E8"
"CHEBI:15891"	"C2H7NO3S"	"C(CS(O)(=O)=O)N"	"InChI=1S/C2H7NO3S/c3-1-2-7(4,5)6/h1-3H2,(H,4,5,6)"	"Taurine"	"[3.4254 ... 3.4163]"	"taurine _78"	""	"NCBITAXON:http://purl.bioontology.org/ontology/NCBITAXON/9606"	"Homo sapiens"	""	""	"MSI level 1"	""	""	""	""	""	""	"9.62E8"	"9.8E8"	"1.18E9"	"9.27E8"	"1.35E9"	"1.13E9"	"9.74E8"	"7.72E8"	"9.21E8"	"1.04E9"	"7.82E8"	"1.13E9"	"7.43E8"	"1.64E8"	"3.22E8"	"1.37E9"	"4.86E8"	"7.88E8"	"3.88E8"	"7.36E8"	"7.89E8"	"9.08E8"	"5.69E8"	"1.21E9"
"CHEBI:4167"	"C6H12O6"	"OC[C@H]1OC(O)[C@H](O)[C@@H](O)[C@@H]1O"	"InChI=1S/C6H12O6/c7-1-2-3(8)4(9)5(10)6(11)12-2/h2-11H,1H2/t2-,3-,4+,5-,6?/m1/s1"	"D-Glucose"	"[3.4296 ... 3.4254]"	"glucose _79"	""	"NCBITAXON:http://purl.bioontology.org/ontology/NCBITAXON/9606"	"Homo sapiens"	""	""	"MSI level 1"	""	""	""	""	""	""	"1.56E9"	"1.62E9"	"1.97E9"	"1.49E9"	"2.15E9"	"1.92E9"	"1.58E9"	"1.35E9"	"1.5E9"	"1.62E9"	"1.14E9"	"1.53E9"	"1.08E9"	"1.89E8"	"4.09E8"	"1.94E9"	"6.64E8"	"1.07E9"	"5.11E8"	"1.03E9"	"1.14E9"	"1.3E9"	"7.9E8"	"1.6E9"
"CHEBI:15891"	"C2H7NO3S"	"C(CS(O)(=O)=O)N"	"InChI=1S/C2H7NO3S/c3-1-2-7(4,5)6/h1-3H2,(H,4,5,6)"	"Taurine"	"[3.4343 ... 3.4296]"	"taurine _80"	""	"NCBITAXON:http://purl.bioontology.org/ontology/NCBITAXON/9606"	"Homo sapiens"	""	""	"MSI level 1"	""	""	""	""	""	""	"2.99E8"	"3.11E8"	"3.43E8"	"2.92E8"	"4.21E8"	"3.24E8"	"2.97E8"	"2.57E8"	"3.02E8"	"3.21E8"	"2.38E8"	"3.5E8"	"2.31E8"	"8.72E7"	"1.25E8"	"4.14E8"	"1.58E8"	"2.8E8"	"1.46E8"	"2.24E8"	"2.3E8"	"2.75E8"	"1.96E8"	"3.85E8"
"CHEBI:4167"	"C6H12O6"	"OC[C@H]1OC(O)[C@H](O)[C@@H](O)[C@@H]1O"	"InChI=1S/C6H12O6/c7-1-2-3(8)4(9)5(10)6(11)12-2/h2-11H,1H2/t2-,3-,4+,5-,6?/m1/s1"	"D-Glucose"	"[3.4402 ... 3.4343]"	"glucose _81"	""	"NCBITAXON:http://purl.bioontology.org/ontology/NCBITAXON/9606"	"Homo sapiens"	""	""	"MSI level 1"	""	""	""	""	""	""	"5.6E8"	"5.76E8"	"6.75E8"	"5.39E8"	"7.81E8"	"6.54E8"	"5.59E8"	"4.81E8"	"5.24E8"	"5.66E8"	"4.08E8"	"5.48E8"	"3.87E8"	"1.11E8"	"1.72E8"	"7.01E8"	"2.52E8"	"4.01E8"	"2.03E8"	"3.68E8"	"4.04E8"	"4.75E8"	"3.01E8"	"5.86E8"
"CHEBI:4167"	"C6H12O6"	"OC[C@H]1OC(O)[C@H](O)[C@@H](O)[C@@H]1O"	"InChI=1S/C6H12O6/c7-1-2-3(8)4(9)5(10)6(11)12-2/h2-11H,1H2/t2-,3-,4+,5-,6?/m1/s1"	"D-Glucose"	"[3.4689 ... 3.4402]"	"glucose _82"	""	"NCBITAXON:http://purl.bioontology.org/ontology/NCBITAXON/9606"	"Homo sapiens"	""	""	"MSI level 1"	""	""	""	""	""	""	"5.3E8"	"5.32E8"	"6.19E8"	"4.65E8"	"7.38E8"	"6.13E8"	"5.31E8"	"4.26E8"	"4.89E8"	"5.43E8"	"4.08E8"	"5.86E8"	"3.99E8"	"7.07E7"	"1.56E8"	"7.43E8"	"2.63E8"	"4.05E8"	"1.91E8"	"3.77E8"	"4.15E8"	"4.9E8"	"2.94E8"	"6.51E8"
"CHEBI:4167"	"C6H12O6"	"OC[C@H]1OC(O)[C@H](O)[C@@H](O)[C@@H]1O"	"InChI=1S/C6H12O6/c7-1-2-3(8)4(9)5(10)6(11)12-2/h2-11H,1H2/t2-,3-,4+,5-,6?/m1/s1"	"D-Glucose"	"[3.4838 ... 3.4689]"	"glucose _83"	""	"NCBITAXON:http://purl.bioontology.org/ontology/NCBITAXON/9606"	"Homo sapiens"	""	""	"MSI level 1"	""	""	""	""	""	""	"5.64E8"	"5.84E8"	"6.99E8"	"5.32E8"	"7.76E8"	"6.84E8"	"5.7E8"	"4.75E8"	"5.44E8"	"6.0E8"	"4.57E8"	"6.45E8"	"4.46E8"	"5.26E7"	"1.57E8"	"8.24E8"	"2.89E8"	"4.33E8"	"2.1E8"	"4.12E8"	"4.64E8"	"5.23E8"	"3.1E8"	"7.0E8"
"CHEBI:4167"	"C6H12O6"	"OC[C@H]1OC(O)[C@H](O)[C@@H](O)[C@@H]1O"	"InChI=1S/C6H12O6/c7-1-2-3(8)4(9)5(10)6(11)12-2/h2-11H,1H2/t2-,3-,4+,5-,6?/m1/s1"	"D-Glucose"	"[3.5161 ... 3.4838]"	"glucose _84"	""	"NCBITAXON:http://purl.bioontology.org/ontology/NCBITAXON/9606"	"Homo sapiens"	""	""	"MSI level 1"	""	""	""	""	""	""	"6.34E8"	"6.51E8"	"7.84E8"	"6.04E8"	"8.79E8"	"7.8E8"	"6.42E8"	"5.39E8"	"6.13E8"	"6.76E8"	"4.94E8"	"6.92E8"	"4.71E8"	"7.42E7"	"1.79E8"	"8.72E8"	"3.07E8"	"4.69E8"	"2.25E8"	"4.48E8"	"5.03E8"	"5.65E8"	"3.39E8"	"7.52E8"
""	""	""	""	"unknown"	"[3.5293 ... 3.5161]"	"unknown _85"	""	"NCBITAXON:http://purl.bioontology.org/ontology/NCBITAXON/9606"	"Homo sapiens"	""	""	"MSI level 4"	""	""	""	""	""	""	"6.03E7"	"5.49E7"	"6.16E7"	"5.7E7"	"6.97E7"	"6.83E7"	"5.41E7"	"6.13E7"	"6.3E7"	"5.79E7"	"8.47E7"	"9.93E7"	"7.57E7"	"5.38E7"	"6.56E7"	"1.16E8"	"6.78E7"	"9.24E7"	"6.28E7"	"8.64E7"	"1.03E8"	"9.15E7"	"7.23E7"	"1.25E8"
""	""	""	""	"unknown"	"[3.5330 ... 3.5293]"	"unknown-sugar _86"	""	"NCBITAXON:http://purl.bioontology.org/ontology/NCBITAXON/9606"	"Homo sapiens"	""	""	"MSI level 3"	""	""	""	""	""	""	"1.72E8"	"1.77E8"	"2.1E8"	"1.55E8"	"2.15E8"	"2.06E8"	"1.76E8"	"1.45E8"	"1.77E8"	"1.94E8"	"2.09E8"	"2.79E8"	"1.97E8"	"7.06E7"	"1.09E8"	"3.29E8"	"1.51E8"	"2.3E8"	"1.3E8"	"1.91E8"	"2.05E8"	"2.28E8"	"1.64E8"	"3.41E8"
"CHEBI:4167"	"C6H12O6"	"OC[C@H]1OC(O)[C@H](O)[C@@H](O)[C@@H]1O"	"InChI=1S/C6H12O6/c7-1-2-3(8)4(9)5(10)6(11)12-2/h2-11H,1H2/t2-,3-,4+,5-,6?/m1/s1"	"D-Glucose"	"[3.5355 ... 3.5330]"	"glucose _87"	""	"NCBITAXON:http://purl.bioontology.org/ontology/NCBITAXON/9606"	"Homo sapiens"	""	""	"MSI level 1"	""	""	""	""	""	""	"9.87E8"	"9.88E8"	"1.2E9"	"9.19E8"	"1.38E9"	"1.2E9"	"9.97E8"	"7.94E8"	"9.42E8"	"1.02E9"	"7.27E8"	"9.92E8"	"6.63E8"	"1.11E8"	"2.75E8"	"1.22E9"	"4.54E8"	"6.38E8"	"3.16E8"	"6.54E8"	"7.16E8"	"8.37E8"	"4.91E8"	"1.07E9"
""	""	""	""	"unknown"	"[3.5382 ... 3.5355]"	"unknown-sugar _88"	""	"NCBITAXON:http://purl.bioontology.org/ontology/NCBITAXON/9606"	"Homo sapiens"	""	""	"MSI level 3"	""	""	""	""	""	""	"2.57E8"	"2.56E8"	"2.77E8"	"2.22E8"	"3.48E8"	"3.09E8"	"2.3E8"	"2.14E8"	"2.33E8"	"2.79E8"	"2.38E8"	"3.69E8"	"2.47E8"	"8.19E7"	"1.31E8"	"4.33E8"	"1.76E8"	"3.24E8"	"1.82E8"	"2.5E8"	"2.5E8"	"2.93E8"	"1.87E8"	"4.42E8"
"CHEBI:4167"	"C6H12O6"	"OC[C@H]1OC(O)[C@H](O)[C@@H](O)[C@@H]1O"	"InChI=1S/C6H12O6/c7-1-2-3(8)4(9)5(10)6(11)12-2/h2-11H,1H2/t2-,3-,4+,5-,6?/m1/s1"	"D-Glucose"	"[3.5415 ... 3.5382]"	"glucose _89"	""	"NCBITAXON:http://purl.bioontology.org/ontology/NCBITAXON/9606"	"Homo sapiens"	""	""	"MSI level 1"	""	""	""	""	""	""	"8.02E8"	"7.84E8"	"9.65E8"	"7.25E8"	"1.08E9"	"9.45E8"	"8.03E8"	"6.4E8"	"7.52E8"	"8.14E8"	"5.99E8"	"8.03E8"	"5.31E8"	"1.03E8"	"2.34E8"	"9.77E8"	"3.8E8"	"5.37E8"	"2.65E8"	"5.4E8"	"5.73E8"	"6.75E8"	"4.13E8"	"8.73E8"
""	""	""	""	"unknown"	"[3.5472 ... 3.5415]"	"unknown-sugar _90"	""	"NCBITAXON:http://purl.bioontology.org/ontology/NCBITAXON/9606"	"Homo sapiens"	""	""	"MSI level 3"	""	""	""	""	""	""	"2.29E8"	"1.98E8"	"2.34E8"	"2.08E8"	"2.49E8"	"2.32E8"	"1.96E8"	"1.67E8"	"1.9E8"	"2.41E8"	"2.2E8"	"3.3E8"	"2.02E8"	"8.41E7"	"1.29E8"	"3.5E8"	"1.71E8"	"2.57E8"	"1.47E8"	"2.27E8"	"2.03E8"	"2.48E8"	"1.81E8"	"4.09E8"
"CHEBI:4167"	"C6H12O6"	"OC[C@H]1OC(O)[C@H](O)[C@@H](O)[C@@H]1O"	"InChI=1S/C6H12O6/c7-1-2-3(8)4(9)5(10)6(11)12-2/h2-11H,1H2/t2-,3-,4+,5-,6?/m1/s1"	"D-Glucose"	"[3.5496 ... 3.5472]"	"glucose _91"	""	"NCBITAXON:http://purl.bioontology.org/ontology/NCBITAXON/9606"	"Homo sapiens"	""	""	"MSI level 1"	""	""	""	""	""	""	"1.12E9"	"1.16E9"	"1.4E9"	"1.01E9"	"1.64E9"	"1.42E9"	"1.15E9"	"9.33E8"	"1.1E9"	"1.14E9"	"8.38E8"	"1.12E9"	"7.66E8"	"1.35E8"	"3.32E8"	"1.42E9"	"5.36E8"	"7.56E8"	"3.8E8"	"7.36E8"	"8.16E8"	"9.83E8"	"5.84E8"	"1.2E9"
""	""	""	""	"unknown"	"[3.5523 ... 3.5496]"	"unknown-sugar _92"	""	"NCBITAXON:http://purl.bioontology.org/ontology/NCBITAXON/9606"	"Homo sapiens"	""	""	"MSI level 3"	""	""	""	""	""	""	"3.32E8"	"2.96E8"	"3.47E8"	"2.96E8"	"3.99E8"	"3.59E8"	"3.04E8"	"2.43E8"	"2.97E8"	"3.54E8"	"3.16E8"	"4.69E8"	"2.68E8"	"1.15E8"	"1.92E8"	"4.73E8"	"2.41E8"	"3.79E8"	"2.13E8"	"3.14E8"	"2.75E8"	"3.47E8"	"2.67E8"	"5.55E8"
"CHEBI:4167"	"C6H12O6"	"OC[C@H]1OC(O)[C@H](O)[C@@H](O)[C@@H]1O"	"InChI=1S/C6H12O6/c7-1-2-3(8)4(9)5(10)6(11)12-2/h2-11H,1H2/t2-,3-,4+,5-,6?/m1/s1"	"D-Glucose"	"[3.5553 ... 3.5523]"	"glucose _93"	""	"NCBITAXON:http://purl.bioontology.org/ontology/NCBITAXON/9606"	"Homo sapiens"	""	""	"MSI level 1"	""	""	""	""	""	""	"9.9E8"	"1.01E9"	"1.21E9"	"9.25E8"	"1.4E9"	"1.23E9"	"1.02E9"	"8.29E8"	"9.55E8"	"1.02E9"	"7.61E8"	"1.03E9"	"6.69E8"	"1.37E8"	"3.31E8"	"1.24E9"	"4.9E8"	"6.89E8"	"3.45E8"	"6.81E8"	"7.29E8"	"8.74E8"	"5.42E8"	"1.09E9"
"CHEBI:17754"	"C3H8O3"	"OCC(O)CO"	"InChI=1S/C3H8O3/c4-1-3(6)2-5/h3-6H,1-2H2"	"Glycerol"	"[3.5599 ... 3.5553]"	"glycerol _94"	""	"NCBITAXON:http://purl.bioontology.org/ontology/NCBITAXON/9606"	"Homo sapiens"	""	""	"MSI level 1"	""	""	""	""	""	""	"2.25E8"	"1.46E8"	"1.56E8"	"1.4E8"	"2.41E8"	"2.11E8"	"2.08E8"	"1.71E8"	"1.96E8"	"1.86E8"	"1.68E8"	"2.71E8"	"1.45E8"	"1.32E8"	"1.71E8"	"1.86E8"	"1.4E8"	"2.07E8"	"1.3E8"	"1.66E8"	"1.38E8"	"2.24E8"	"1.79E8"	"2.7E8"
"CHEBI:15428"	"C2H5NO2"	"NCC(O)=O"	"InChI=1S/C2H5NO2/c3-1-2(4)5/h1,3H2,(H,4,5)"	"Glycine"	"[3.5634 ... 3.5599]"	"glycine/glycerol _95"	"overlapped with HMDB0000131 "	"NCBITAXON:http://purl.bioontology.org/ontology/NCBITAXON/9606"	"Homo sapiens"	""	""	"MSI level 1"	""	""	""	""	""	""	"1.52E8"	"1.36E8"	"1.32E8"	"1.15E8"	"2.17E8"	"1.61E8"	"1.59E8"	"1.25E8"	"1.85E8"	"1.52E8"	"2.35E8"	"3.09E8"	"1.73E8"	"3.92E8"	"2.89E8"	"2.43E8"	"2.13E8"	"3.5E8"	"2.49E8"	"2.83E8"	"2.33E8"	"3.02E8"	"3.45E8"	"3.41E8"
"CHEBI:17754"	"C3H8O3"	"OCC(O)CO"	"InChI=1S/C3H8O3/c4-1-3(6)2-5/h3-6H,1-2H2"	"Glycerol"	"[3.5680 ... 3.5634]"	"glycerol _96"	""	"NCBITAXON:http://purl.bioontology.org/ontology/NCBITAXON/9606"	"Homo sapiens"	""	""	"MSI level 1"	""	""	""	""	""	""	"8.31E8"	"8.61E8"	"8.61E8"	"7.43E8"	"1.6E9"	"7.68E8"	"9.79E8"	"8.68E8"	"1.53E9"	"1.18E9"	"7.12E8"	"9.05E8"	"5.99E8"	"9.48E8"	"1.02E9"	"7.43E8"	"5.69E8"	"8.26E8"	"7.33E8"	"7.16E8"	"7.47E8"	"9.52E8"	"1.08E9"	"7.07E8"
"CHEBI:17754"	"C3H8O3"	"OCC(O)CO"	"InChI=1S/C3H8O3/c4-1-3(6)2-5/h3-6H,1-2H2"	"Glycerol"	"[3.5779 ... 3.5680]"	"glycerol _97"	""	"NCBITAXON:http://purl.bioontology.org/ontology/NCBITAXON/9606"	"Homo sapiens"	""	""	"MSI level 1"	""	""	""	""	""	""	"2.26E8"	"1.46E8"	"1.57E8"	"1.42E8"	"2.54E8"	"2.24E8"	"2.18E8"	"1.75E8"	"2.18E8"	"1.75E8"	"2.47E8"	"3.13E8"	"1.48E8"	"3.09E8"	"2.77E8"	"1.96E8"	"2.46E8"	"2.76E8"	"1.89E8"	"2.5E8"	"1.32E8"	"2.62E8"	"2.36E8"	"4.12E8"
""	""	""	""	"unknown"	"[3.5781 ... 3.5779]"	"unknown _98"	""	"NCBITAXON:http://purl.bioontology.org/ontology/NCBITAXON/9606"	"Homo sapiens"	""	""	"MSI level 4"	""	""	""	""	""	""	"2.18E8"	"7.6E7"	"8.4E7"	"1.49E8"	"1.27E8"	"1.16E8"	"1.01E8"	"8.22E7"	"1.01E8"	"1.62E8"	"3.48E8"	"3.78E8"	"8.88E7"	"3.47E8"	"3.88E8"	"1.33E8"	"3.49E8"	"2.33E8"	"1.39E8"	"4.08E8"	"1.07E8"	"1.69E8"	"2.11E8"	"5.72E8"
""	""	""	""	"unknown"	"[3.5888 ... 3.5781]"	"unknown _99"	""	"NCBITAXON:http://purl.bioontology.org/ontology/NCBITAXON/9606"	"Homo sapiens"	""	""	"MSI level 4"	""	""	""	""	""	""	"2.59E8"	"2.07E8"	"1.97E8"	"1.83E8"	"3.25E8"	"2.51E8"	"2.67E8"	"2.11E8"	"2.56E8"	"2.1E8"	"2.83E8"	"3.51E8"	"1.89E8"	"3.47E8"	"3.51E8"	"2.6E8"	"2.85E8"	"3.51E8"	"2.75E8"	"3.06E8"	"1.94E8"	"3.32E8"	"3.29E8"	"4.26E8"
""	""	""	""	"unknown"	"[3.5966 ... 3.5888]"	"unknown _100"	""	"NCBITAXON:http://purl.bioontology.org/ontology/NCBITAXON/9606"	"Homo sapiens"	""	""	"MSI level 4"	""	""	""	""	""	""	"1.65E8"	"1.66E8"	"1.47E8"	"1.34E8"	"2.51E8"	"1.58E8"	"1.63E8"	"1.49E8"	"1.68E8"	"1.41E8"	"1.48E8"	"1.76E8"	"8.8E7"	"3.45E8"	"2.55E8"	"1.34E8"	"2.47E8"	"1.88E8"	"2.1E8"	"2.31E8"	"1.31E8"	"1.56E8"	"1.89E8"	"2.39E8"
"CHEBI:16414"	"C5H11NO2"	"CC(C)[C@H](N)C(O)=O"	"InChI=1S/C5H11NO2/c1-3(2)4(6)5(7)8/h3-4H,6H2,1-2H3,(H,7,8)/t4-/m0/s1"	"L-Valine"	"[3.6137 ... 3.5966]"	"valine_101"	""	"NCBITAXON:http://purl.bioontology.org/ontology/NCBITAXON/9606"	"Homo sapiens"	""	""	"MSI level 1"	""	""	""	""	""	""	"1.92E8"	"1.52E8"	"1.86E8"	"1.3E8"	"2.43E8"	"1.73E8"	"1.66E8"	"1.32E8"	"1.69E8"	"1.43E8"	"2.12E8"	"2.11E8"	"1.28E8"	"3.72E8"	"2.93E8"	"1.96E8"	"2.87E8"	"2.59E8"	"2.52E8"	"2.69E8"	"1.56E8"	"2.12E8"	"2.48E8"	"2.98E8"
"CHEBI:16414"	"C5H11NO2"	"CC(C)[C@H](N)C(O)=O"	"InChI=1S/C5H11NO2/c1-3(2)4(6)5(7)8/h3-4H,6H2,1-2H3,(H,7,8)/t4-/m0/s1"	"L-Valine"	"[3.6178 ... 3.6137]"	"valine_102"	""	"NCBITAXON:http://purl.bioontology.org/ontology/NCBITAXON/9606"	"Homo sapiens"	""	""	"MSI level 1"	""	""	""	""	""	""	"3.78E8"	"2.77E8"	"3.81E8"	"2.51E8"	"4.4E8"	"3.15E8"	"3.05E8"	"2.32E8"	"3.13E8"	"2.88E8"	"3.58E8"	"3.1E8"	"2.19E8"	"5.84E8"	"4.39E8"	"3.35E8"	"4.16E8"	"3.9E8"	"3.85E8"	"4.0E8"	"2.59E8"	"3.43E8"	"3.95E8"	"4.34E8"
""	""	""	""	"unknown"	"[3.6215 ... 3.6178]"	"unknown_103"	""	"NCBITAXON:http://purl.bioontology.org/ontology/NCBITAXON/9606"	"Homo sapiens"	""	""	"MSI level 4"	""	""	""	""	""	""	"1.75E8"	"1.24E8"	"1.73E8"	"1.18E8"	"2.16E8"	"1.61E8"	"1.36E8"	"1.24E8"	"1.56E8"	"1.29E8"	"1.72E8"	"1.57E8"	"1.02E8"	"2.5E8"	"2.19E8"	"1.43E8"	"2.11E8"	"1.91E8"	"2.05E8"	"1.83E8"	"1.03E8"	"1.67E8"	"1.66E8"	"2.34E8"
""	""	""	""	"unknown"	"[3.6363 ... 3.6215]"	"unknown_104"	""	"NCBITAXON:http://purl.bioontology.org/ontology/NCBITAXON/9606"	"Homo sapiens"	""	""	"MSI level 4"	""	""	""	""	""	""	"1.58E8"	"8.67E7"	"1.83E8"	"9.46E7"	"1.83E8"	"1.28E8"	"1.12E8"	"9.58E7"	"1.27E8"	"1.07E8"	"1.72E8"	"1.17E8"	"8.03E7"	"1.72E8"	"1.87E8"	"1.24E8"	"1.89E8"	"1.32E8"	"1.53E8"	"1.48E8"	"7.73E7"	"1.63E8"	"1.2E8"	"2.21E8"
"CHEBI:16236"	"C2H6O"	"CCO"	"InChI=1S/C2H6O/c1-2-3/h3H,2H2,1H3"	"Ethanol"	"[3.6480 ... 3.6432]"	"ethanol_105"	""	"NCBITAXON:http://purl.bioontology.org/ontology/NCBITAXON/9606"	"Homo sapiens"	""	""	"MSI level 1"	""	""	""	""	""	""	"1.58E8"	"1.13E8"	"1.5E8"	"1.11E8"	"2.03E8"	"1.69E8"	"1.53E8"	"1.04E8"	"1.53E8"	"1.33E8"	"2.31E8"	"2.46E8"	"1.31E8"	"3.14E8"	"2.12E8"	"1.69E8"	"2.07E8"	"2.21E8"	"1.75E8"	"2.12E8"	"1.23E8"	"2.16E8"	"1.92E8"	"3.33E8"
"CHEBI:17754"	"C3H8O3"	"OCC(O)CO"	"InChI=1S/C3H8O3/c4-1-3(6)2-5/h3-6H,1-2H2"	"Glycerol"	"[3.6522 ... 3.6480]"	"glycerol_106"	""	"NCBITAXON:http://purl.bioontology.org/ontology/NCBITAXON/9606"	"Homo sapiens"	""	""	"MSI level 1"	""	""	""	""	""	""	"2.94E8"	"1.67E8"	"1.93E8"	"1.6E8"	"2.95E8"	"2.73E8"	"2.84E8"	"2.01E8"	"2.63E8"	"2.22E8"	"2.57E8"	"3.46E8"	"1.8E8"	"2.27E8"	"2.6E8"	"1.96E8"	"2.39E8"	"2.6E8"	"1.88E8"	"2.46E8"	"1.33E8"	"2.91E8"	"2.16E8"	"4.04E8"
"CHEBI:16236"	"C2H6O"	"CCO"	"InChI=1S/C2H6O/c1-2-3/h3H,2H2,1H3"	"Ethanol"	"[3.6612 ... 3.6522]"	"ethanol_107"	""	"NCBITAXON:http://purl.bioontology.org/ontology/NCBITAXON/9606"	"Homo sapiens"	""	""	"MSI level 1"	""	""	""	""	""	""	"2.91E8"	"1.89E8"	"2.23E8"	"1.73E8"	"3.15E8"	"2.85E8"	"2.89E8"	"1.95E8"	"2.67E8"	"2.33E8"	"3.36E8"	"4.01E8"	"2.07E8"	"5.13E8"	"3.1E8"	"2.54E8"	"3.1E8"	"3.34E8"	"2.32E8"	"3.1E8"	"1.76E8"	"3.37E8"	"2.71E8"	"5.47E8"
"CHEBI:16236"	"C2H6O"	"CCO"	"InChI=1S/C2H6O/c1-2-3/h3H,2H2,1H3"	"Ethanol"	"[3.6704 ... 3.6612]"	"ethanol_108"	""	"NCBITAXON:http://purl.bioontology.org/ontology/NCBITAXON/9606"	"Homo sapiens"	""	""	"MSI level 1"	""	""	""	""	""	""	"2.87E8"	"1.98E8"	"2.21E8"	"1.77E8"	"3.12E8"	"2.87E8"	"2.83E8"	"1.84E8"	"2.71E8"	"2.34E8"	"3.99E8"	"4.44E8"	"2.22E8"	"5.99E8"	"3.81E8"	"2.99E8"	"3.65E8"	"4.14E8"	"2.76E8"	"3.73E8"	"1.99E8"	"3.71E8"	"3.37E8"	"6.28E8"
"CHEBI:17754"	"C3H8O3"	"OCC(O)CO"	"InChI=1S/C3H8O3/c4-1-3(6)2-5/h3-6H,1-2H2"	"Glycerol"	"[3.6741 ... 3.6704]"	"glycerol_109"	""	"NCBITAXON:http://purl.bioontology.org/ontology/NCBITAXON/9606"	"Homo sapiens"	""	""	"MSI level 1"	""	""	""	""	""	""	"4.14E8"	"2.63E8"	"3.0E8"	"2.34E8"	"4.26E8"	"3.77E8"	"3.82E8"	"2.72E8"	"3.75E8"	"3.25E8"	"3.93E8"	"4.9E8"	"2.5E8"	"3.83E8"	"3.94E8"	"3.17E8"	"4.0E8"	"4.19E8"	"2.86E8"	"3.66E8"	"1.9E8"	"3.96E8"	"3.37E8"	"6.62E8"
"CHEBI:16236"	"C2H6O"	"CCO"	"InChI=1S/C2H6O/c1-2-3/h3H,2H2,1H3"	"Ethanol"	"[3.6813 ... 3.6741]"	"ethanol_110"	""	"NCBITAXON:http://purl.bioontology.org/ontology/NCBITAXON/9606"	"Homo sapiens"	""	""	"MSI level 1"	""	""	""	""	""	""	"2.57E8"	"2.38E8"	"2.26E8"	"1.67E8"	"2.82E8"	"2.86E8"	"3.29E8"	"1.75E8"	"4.47E8"	"2.26E8"	"3.62E8"	"3.67E8"	"2.06E8"	"4.49E8"	"3.54E8"	"2.86E8"	"3.51E8"	"3.89E8"	"2.63E8"	"3.47E8"	"1.76E8"	"3.21E8"	"3.19E8"	"5.57E8"
""	""	""	""	"unknown"	"[3.7062 ... 3.6813]"	"unknown_111"	""	"NCBITAXON:http://purl.bioontology.org/ontology/NCBITAXON/9606"	"Homo sapiens"	""	""	"MSI level 4"	""	""	""	""	""	""	"1.93E8"	"1.41E8"	"1.63E8"	"1.06E8"	"2.45E8"	"1.75E8"	"1.51E8"	"1.1E8"	"4.01E8"	"1.3E8"	"2.39E8"	"2.7E8"	"1.67E8"	"1.94E8"	"2.43E8"	"2.35E8"	"3.16E8"	"2.85E8"	"1.8E8"	"2.36E8"	"1.42E8"	"2.54E8"	"2.3E8"	"3.99E8"
"CHEBI:4167"	"C6H12O6"	"OC[C@H]1OC(O)[C@H](O)[C@@H](O)[C@@H]1O"	"InChI=1S/C6H12O6/c7-1-2-3(8)4(9)5(10)6(11)12-2/h2-11H,1H2/t2-,3-,4+,5-,6?/m1/s1"	"D-Glucose"	"[3.7114 ... 3.7062]"	"glucose _112"	""	"NCBITAXON:http://purl.bioontology.org/ontology/NCBITAXON/9606"	"Homo sapiens"	""	""	"MSI level 1"	""	""	""	""	""	""	"8.18E8"	"7.9E8"	"9.17E8"	"7.08E8"	"1.09E9"	"9.97E8"	"7.97E8"	"6.43E8"	"7.81E8"	"8.16E8"	"7.24E8"	"9.29E8"	"7.24E8"	"2.4E8"	"3.92E8"	"1.11E9"	"2.51E9"	"7.37E8"	"3.85E8"	"6.73E8"	"6.22E8"	"8.02E8"	"5.56E8"	"1.13E9"
"CHEBI:4167"	"C6H12O6"	"OC[C@H]1OC(O)[C@H](O)[C@@H](O)[C@@H]1O"	"InChI=1S/C6H12O6/c7-1-2-3(8)4(9)5(10)6(11)12-2/h2-11H,1H2/t2-,3-,4+,5-,6?/m1/s1"	"D-Glucose"	"[3.7257 ... 3.7182]"	"glucose _113"	""	"NCBITAXON:http://purl.bioontology.org/ontology/NCBITAXON/9606"	"Homo sapiens"	""	""	"MSI level 1"	""	""	""	""	""	""	"1.58E9"	"1.57E9"	"1.88E9"	"1.43E9"	"2.12E9"	"1.9E9"	"1.58E9"	"1.25E9"	"1.49E9"	"1.64E9"	"1.32E9"	"1.78E9"	"1.15E9"	"3.13E8"	"5.96E8"	"2.12E9"	"9.01E8"	"1.27E9"	"6.45E8"	"1.22E9"	"1.21E9"	"1.47E9"	"9.34E8"	"2.03E9"
"CHEBI:4167"	"C6H12O6"	"OC[C@H]1OC(O)[C@H](O)[C@@H](O)[C@@H]1O"	"InChI=1S/C6H12O6/c7-1-2-3(8)4(9)5(10)6(11)12-2/h2-11H,1H2/t2-,3-,4+,5-,6?/m1/s1"	"D-Glucose"	"[3.7311 ... 3.7257]"	"glucose _114"	""	"NCBITAXON:http://purl.bioontology.org/ontology/NCBITAXON/9606"	"Homo sapiens"	""	""	"MSI level 1"	""	""	""	""	""	""	"9.6E8"	"9.47E8"	"1.13E9"	"8.68E8"	"1.27E9"	"1.15E9"	"9.47E8"	"7.78E8"	"9.06E8"	"9.77E8"	"8.32E8"	"1.08E9"	"7.35E8"	"2.16E8"	"4.06E8"	"1.31E9"	"5.87E8"	"8.12E8"	"4.44E8"	"7.58E8"	"7.4E8"	"9.06E8"	"5.99E8"	"1.27E9"
"CHEBI:4167"	"C6H12O6"	"OC[C@H]1OC(O)[C@H](O)[C@@H](O)[C@@H]1O"	"InChI=1S/C6H12O6/c7-1-2-3(8)4(9)5(10)6(11)12-2/h2-11H,1H2/t2-,3-,4+,5-,6?/m1/s1"	"D-Glucose"	"[3.7373 ... 3.7311]"	"glucose _115"	""	"NCBITAXON:http://purl.bioontology.org/ontology/NCBITAXON/9606"	"Homo sapiens"	""	""	"MSI level 1"	""	""	""	""	""	""	"7.7E8"	"7.87E8"	"9.38E8"	"6.77E8"	"1.13E9"	"9.54E8"	"8.28E8"	"5.97E8"	"7.59E8"	"8.04E8"	"6.96E8"	"9.66E8"	"6.1E8"	"2.22E8"	"3.41E8"	"1.13E9"	"5.17E8"	"7.31E8"	"3.89E8"	"6.47E8"	"6.54E8"	"7.95E8"	"5.53E8"	"1.09E9"
"CHEBI:4167"	"C6H12O6"	"OC[C@H]1OC(O)[C@H](O)[C@@H](O)[C@@H]1O"	"InChI=1S/C6H12O6/c7-1-2-3(8)4(9)5(10)6(11)12-2/h2-11H,1H2/t2-,3-,4+,5-,6?/m1/s1"	"D-Glucose"	"[3.7414 ... 3.7373]"	"glucose _116"	""	"NCBITAXON:http://purl.bioontology.org/ontology/NCBITAXON/9606"	"Homo sapiens"	""	""	"MSI level 1"	""	""	""	""	""	""	"1.33E9"	"1.31E9"	"1.56E9"	"1.27E9"	"1.61E9"	"1.54E9"	"1.24E9"	"1.11E9"	"1.23E9"	"1.36E9"	"1.05E9"	"1.35E9"	"9.66E8"	"2.55E8"	"4.83E8"	"1.67E9"	"6.82E8"	"1.01E9"	"5.48E8"	"1.0E9"	"9.8E8"	"1.12E9"	"7.31E8"	"1.51E9"
"CHEBI:4167"	"C6H12O6"	"OC[C@H]1OC(O)[C@H](O)[C@@H](O)[C@@H]1O"	"InChI=1S/C6H12O6/c7-1-2-3(8)4(9)5(10)6(11)12-2/h2-11H,1H2/t2-,3-,4+,5-,6?/m1/s1"	"D-Glucose"	"[3.7507 ... 3.7414]"	"glucose _117"	""	"NCBITAXON:http://purl.bioontology.org/ontology/NCBITAXON/9606"	"Homo sapiens"	""	""	"MSI level 1"	""	""	""	""	""	""	"7.66E8"	"7.6E8"	"8.95E8"	"7.08E8"	"1.01E9"	"9.05E8"	"7.73E8"	"6.31E8"	"7.38E8"	"7.86E8"	"6.63E8"	"8.76E8"	"5.94E8"	"3.0E8"	"3.76E8"	"1.01E9"	"4.74E8"	"7.07E8"	"4.12E8"	"6.5E8"	"6.23E8"	"7.31E8"	"5.67E8"	"9.65E8"
"CHEBI:4167"	"C6H12O6"	"OC[C@H]1OC(O)[C@H](O)[C@@H](O)[C@@H]1O"	"InChI=1S/C6H12O6/c7-1-2-3(8)4(9)5(10)6(11)12-2/h2-11H,1H2/t2-,3-,4+,5-,6?/m1/s1"	"D-Glucose"	"[3.7594 ... 3.7507]"	"glucose/glycerol _118"	"overlapped with HMDB0000131 "	"NCBITAXON:http://purl.bioontology.org/ontology/NCBITAXON/9606"	"Homo sapiens"	""	""	"MSI level 1"	""	""	""	""	""	""	"3.86E8"	"4.0E8"	"4.14E8"	"3.55E8"	"5.26E8"	"4.36E8"	"3.99E8"	"3.12E8"	"4.82E8"	"4.01E8"	"4.17E8"	"5.15E8"	"3.65E8"	"3.2E8"	"3.37E8"	"5.19E8"	"3.27E8"	"4.84E8"	"3.47E8"	"4.07E8"	"3.63E8"	"4.32E8"	"4.25E8"	"5.43E8"
"CHEBI:4167"	"C6H12O6"	"OC[C@H]1OC(O)[C@H](O)[C@@H](O)[C@@H]1O"	"InChI=1S/C6H12O6/c7-1-2-3(8)4(9)5(10)6(11)12-2/h2-11H,1H2/t2-,3-,4+,5-,6?/m1/s1"	"D-Glucose"	"[3.7640 ... 3.7594]"	"glucose/glutamine/glycerol _119"	"overlapped with HMDB0000131 HMDB0000641 "	"NCBITAXON:http://purl.bioontology.org/ontology/NCBITAXON/9606"	"Homo sapiens"	""	""	"MSI level 1"	""	""	""	""	""	""	"5.31E8"	"5.17E8"	"6.16E8"	"4.81E8"	"6.67E8"	"5.74E8"	"5.19E8"	"4.33E8"	"7.48E8"	"5.22E8"	"4.99E8"	"6.2E8"	"4.43E8"	"3.24E8"	"3.54E8"	"6.66E8"	"3.61E8"	"5.78E8"	"3.9E8"	"5.22E8"	"4.7E8"	"5.3E8"	"5.39E8"	"6.67E8"
"CHEBI:4167"	"C6H12O6"	"OC[C@H]1OC(O)[C@H](O)[C@@H](O)[C@@H]1O"	"InChI=1S/C6H12O6/c7-1-2-3(8)4(9)5(10)6(11)12-2/h2-11H,1H2/t2-,3-,4+,5-,6?/m1/s1"	"D-Glucose"	"[3.7686 ... 3.7640]"	"glucose/glycerol/alanine _120"	"overlapped with HMDB0000131 HMDB0000161 "	"NCBITAXON:http://purl.bioontology.org/ontology/NCBITAXON/9606"	"Homo sapiens"	""	""	"MSI level 1"	""	""	""	""	""	""	"8.2E8"	"9.19E8"	"9.84E8"	"8.11E8"	"1.14E9"	"9.82E8"	"9.1E8"	"6.89E8"	"1.01E9"	"9.49E8"	"7.08E8"	"8.73E8"	"6.72E8"	"3.44E8"	"3.97E8"	"9.77E8"	"4.8E8"	"6.64E8"	"4.12E8"	"6.15E8"	"6.71E8"	"7.63E8"	"5.67E8"	"9.49E8"
"CHEBI:4167"	"C6H12O6"	"OC[C@H]1OC(O)[C@H](O)[C@@H](O)[C@@H]1O"	"InChI=1S/C6H12O6/c7-1-2-3(8)4(9)5(10)6(11)12-2/h2-11H,1H2/t2-,3-,4+,5-,6?/m1/s1"	"D-Glucose"	"[3.7730 ... 3.7686]"	"glucose/glutamine/glycerol/alanine _121"	"overlapped with HMDB0000131 HMDB0000641 HMDB0000161 "	"NCBITAXON:http://purl.bioontology.org/ontology/NCBITAXON/9606"	"Homo sapiens"	""	""	"MSI level 1"	""	""	""	""	""	""	"5.24E8"	"4.84E8"	"5.56E8"	"4.64E8"	"7.15E8"	"4.86E8"	"4.64E8"	"4.22E8"	"9.55E8"	"4.88E8"	"3.27E8"	"3.96E8"	"2.81E8"	"1.71E8"	"2.67E8"	"3.8E8"	"2.49E8"	"3.72E8"	"2.79E8"	"3.73E8"	"2.51E8"	"3.25E8"	"3.03E8"	"4.53E8"
"CHEBI:16977"	"C3H7NO2"	"C[C@H](N)C(O)=O"	"InChI=1S/C3H7NO2/c1-2(4)3(5)6/h2H,4H2,1H3,(H,5,6)/t2-/m0/s1"	"L-Alanine"	"[3.7791 ... 3.7730]"	"glucose/alanine _122"	"overlapped with HMDB0000122 "	"NCBITAXON:http://purl.bioontology.org/ontology/NCBITAXON/9606"	"Homo sapiens"	""	""	"MSI level 1"	""	""	""	""	""	""	"7.7E8"	"8.05E8"	"9.26E8"	"7.37E8"	"1.08E9"	"9.09E8"	"7.99E8"	"6.43E8"	"1.09E9"	"8.35E8"	"6.23E8"	"7.87E8"	"5.72E8"	"2.14E8"	"3.25E8"	"8.93E8"	"4.32E8"	"5.93E8"	"3.5E8"	"5.53E8"	"5.7E8"	"6.64E8"	"4.63E8"	"8.72E8"
""	""	""	""	"unknown"	"[3.7814 ... 3.7791]"	"unknown_123"	""	"NCBITAXON:http://purl.bioontology.org/ontology/NCBITAXON/9606"	"Homo sapiens"	""	""	"MSI level 4"	""	""	""	""	""	""	"4.21E8"	"3.81E8"	"4.32E8"	"3.36E8"	"5.61E8"	"4.36E8"	"3.62E8"	"3.5E8"	"6.3E8"	"4.04E8"	"3.39E8"	"4.66E8"	"3.36E8"	"1.39E8"	"2.28E8"	"4.94E8"	"2.47E8"	"3.87E8"	"2.47E8"	"3.92E8"	"2.93E8"	"3.88E8"	"2.81E8"	"5.41E8"
""	""	""	""	"unknown"	"[3.7853 ... 3.7814]"	"unknown_124"	""	"NCBITAXON:http://purl.bioontology.org/ontology/NCBITAXON/9606"	"Homo sapiens"	""	""	"MSI level 4"	""	""	""	""	""	""	"8.83E8"	"8.34E8"	"1.02E9"	"7.94E8"	"1.23E9"	"1.03E9"	"9.03E8"	"6.71E8"	"1.1E9"	"9.5E8"	"7.1E8"	"1.0E9"	"6.31E8"	"3.27E8"	"3.59E8"	"1.04E9"	"4.66E8"	"7.01E8"	"3.82E8"	"6.92E8"	"6.74E8"	"8.11E8"	"6.13E8"	"1.07E9"
"CHEBI:16344"	"C3H7N3O2"	"C(CNC(=N)N)(O)=O"	"InChI=1S/C3H7N3O2/c4-3(5)6-1-2(7)8/h1H2,(H,7,8)(H4,4,5,6)"	"Guanidoacetic acid"	"[3.7985 ... 3.7889]"	"guanidoacetate_125"	""	"NCBITAXON:http://purl.bioontology.org/ontology/NCBITAXON/9606"	"Homo sapiens"	""	""	"MSI level 2"	""	""	""	""	""	""	"2.54E8"	"2.18E8"	"2.5E8"	"2.31E8"	"3.05E8"	"2.77E8"	"2.38E8"	"2.19E8"	"2.41E8"	"2.43E8"	"2.57E8"	"2.98E8"	"2.1E8"	"2.08E8"	"2.12E8"	"2.47E8"	"1.98E8"	"2.87E8"	"1.9E8"	"2.59E8"	"1.57E8"	"2.54E8"	"2.5E8"	"3.49E8"
""	""	""	""	"unknown"	"[3.8010 ... 3.7985]"	"unknown_126"	""	"NCBITAXON:http://purl.bioontology.org/ontology/NCBITAXON/9606"	"Homo sapiens"	""	""	"MSI level 4"	""	""	""	""	""	""	"1.82E8"	"1.2E8"	"1.33E8"	"1.21E8"	"2.01E8"	"1.76E8"	"1.63E8"	"1.41E8"	"1.79E8"	"1.5E8"	"1.92E8"	"2.49E8"	"1.35E8"	"1.39E8"	"1.7E8"	"1.84E8"	"1.78E8"	"2.05E8"	"1.43E8"	"1.92E8"	"1.03E8"	"1.9E8"	"1.72E8"	"2.99E8"
""	""	""	""	"unknown"	"[3.8035 ... 3.8010]"	"unknown_127"	""	"NCBITAXON:http://purl.bioontology.org/ontology/NCBITAXON/9606"	"Homo sapiens"	""	""	"MSI level 4"	""	""	""	""	""	""	"1.58E8"	"1.06E8"	"1.19E8"	"1.08E8"	"1.84E8"	"1.63E8"	"1.52E8"	"1.31E8"	"2.38E8"	"1.28E8"	"1.91E8"	"2.26E8"	"1.32E8"	"1.28E8"	"1.68E8"	"1.71E8"	"1.81E8"	"1.94E8"	"1.34E8"	"1.9E8"	"1.02E8"	"1.84E8"	"1.61E8"	"3.21E8"
""	""	""	""	"unknown"	"[3.8099 ... 3.8035]"	"unknown_128"	""	"NCBITAXON:http://purl.bioontology.org/ontology/NCBITAXON/9606"	"Homo sapiens"	""	""	"MSI level 4"	""	""	""	""	""	""	"1.84E8"	"1.54E8"	"1.92E8"	"1.6E8"	"2.31E8"	"2.06E8"	"1.72E8"	"1.55E8"	"8.63E8"	"1.64E8"	"2.65E8"	"2.71E8"	"2.08E8"	"1.75E8"	"2.07E8"	"2.38E8"	"2.18E8"	"2.66E8"	"1.82E8"	"2.56E8"	"1.63E8"	"2.28E8"	"2.25E8"	"3.63E8"
""	""	""	""	"unknown"	"[3.8157 ... 3.8099]"	"unknown_129"	""	"NCBITAXON:http://purl.bioontology.org/ontology/NCBITAXON/9606"	"Homo sapiens"	""	""	"MSI level 4"	""	""	""	""	""	""	"1.41E8"	"1.1E8"	"1.24E8"	"1.03E8"	"1.75E8"	"1.47E8"	"1.25E8"	"1.03E8"	"1.7E8"	"1.15E8"	"2.34E8"	"2.55E8"	"1.57E8"	"1.51E8"	"1.96E8"	"2.48E8"	"2.11E8"	"2.38E8"	"1.58E8"	"2.36E8"	"1.29E8"	"2.18E8"	"1.98E8"	"3.76E8"
""	""	""	""	"unknown"	"[3.8192 ... 3.8157]"	"unknown_130"	""	"NCBITAXON:http://purl.bioontology.org/ontology/NCBITAXON/9606"	"Homo sapiens"	""	""	"MSI level 4"	""	""	""	""	""	""	"2.08E8"	"2.02E8"	"2.41E8"	"1.71E8"	"3.18E8"	"2.66E8"	"2.27E8"	"1.6E8"	"7.76E8"	"1.99E8"	"3.02E8"	"3.88E8"	"2.41E8"	"1.43E8"	"2.14E8"	"3.79E8"	"2.53E8"	"3.18E8"	"1.89E8"	"3.09E8"	"2.26E8"	"2.96E8"	"2.44E8"	"4.81E8"
"CHEBI:4167"	"C6H12O6"	"OC[C@H]1OC(O)[C@H](O)[C@@H](O)[C@@H]1O"	"InChI=1S/C6H12O6/c7-1-2-3(8)4(9)5(10)6(11)12-2/h2-11H,1H2/t2-,3-,4+,5-,6?/m1/s1"	"D-Glucose"	"[3.8360 ... 3.8192]"	"glucose _131"	""	"NCBITAXON:http://purl.bioontology.org/ontology/NCBITAXON/9606"	"Homo sapiens"	""	""	"MSI level 1"	""	""	""	""	""	""	"5.94E8"	"5.82E8"	"6.88E8"	"5.28E8"	"8.05E8"	"7.03E8"	"5.89E8"	"4.73E8"	"5.88E8"	"6.07E8"	"5.66E8"	"7.44E8"	"4.88E8"	"1.89E8"	"2.96E8"	"8.77E8"	"4.02E8"	"5.55E8"	"3.27E8"	"5.53E8"	"5.01E8"	"6.21E8"	"4.16E8"	"8.84E8"
"CHEBI:4167"	"C6H12O6"	"OC[C@H]1OC(O)[C@H](O)[C@@H](O)[C@@H]1O"	"InChI=1S/C6H12O6/c7-1-2-3(8)4(9)5(10)6(11)12-2/h2-11H,1H2/t2-,3-,4+,5-,6?/m1/s1"	"D-Glucose"	"[3.8417 ... 3.8360]"	"glucose/unknown _132"	"overlapped with unknown"	"NCBITAXON:http://purl.bioontology.org/ontology/NCBITAXON/9606"	"Homo sapiens"	""	""	"MSI level 1"	""	""	""	""	""	""	"1.45E9"	"1.51E9"	"1.78E9"	"1.35E9"	"2.06E9"	"1.8E9"	"1.53E9"	"1.2E9"	"1.42E9"	"1.55E9"	"1.18E9"	"1.62E9"	"1.03E9"	"2.93E8"	"4.97E8"	"1.94E9"	"7.82E8"	"1.14E9"	"5.97E8"	"1.1E9"	"1.14E9"	"1.34E9"	"8.26E8"	"1.8E9"
"CHEBI:4167"	"C6H12O6"	"OC[C@H]1OC(O)[C@H](O)[C@@H](O)[C@@H]1O"	"InChI=1S/C6H12O6/c7-1-2-3(8)4(9)5(10)6(11)12-2/h2-11H,1H2/t2-,3-,4+,5-,6?/m1/s1"	"D-Glucose"	"[3.8455 ... 3.8417]"	"glucose _133"	""	"NCBITAXON:http://purl.bioontology.org/ontology/NCBITAXON/9606"	"Homo sapiens"	""	""	"MSI level 1"	""	""	""	""	""	""	"1.1E9"	"1.06E9"	"1.27E9"	"1.05E9"	"1.4E9"	"1.2E9"	"1.04E9"	"9.39E8"	"1.03E9"	"1.14E9"	"8.85E8"	"1.1E9"	"7.97E8"	"2.8E8"	"4.3E8"	"1.38E9"	"5.95E8"	"8.2E8"	"5.27E8"	"8.44E8"	"8.03E8"	"9.27E8"	"5.76E8"	"1.24E9"
""	""	""	""	"unknown"	"[3.8540 ... 3.8455]"	"unknown _134"	""	"NCBITAXON:http://purl.bioontology.org/ontology/NCBITAXON/9606"	"Homo sapiens"	""	""	"MSI level 4"	""	""	""	""	""	""	"2.51E8"	"2.33E8"	"2.57E8"	"2.15E8"	"3.46E8"	"2.69E8"	"2.48E8"	"2.3E8"	"2.58E8"	"2.51E8"	"2.73E8"	"3.28E8"	"1.96E8"	"1.18E8"	"2.04E8"	"3.44E8"	"2.44E8"	"2.87E8"	"2.02E8"	"2.99E8"	"1.99E8"	"2.72E8"	"2.15E8"	"4.26E8"
"CHEBI:4167"	"C6H12O6"	"OC[C@H]1OC(O)[C@H](O)[C@@H](O)[C@@H]1O"	"InChI=1S/C6H12O6/c7-1-2-3(8)4(9)5(10)6(11)12-2/h2-11H,1H2/t2-,3-,4+,5-,6?/m1/s1"	"D-Glucose"	"[3.8579 ... 3.8540]"	"glucose _135"	""	"NCBITAXON:http://purl.bioontology.org/ontology/NCBITAXON/9606"	"Homo sapiens"	""	""	"MSI level 1"	""	""	""	""	""	""	"7.52E8"	"7.56E8"	"8.99E8"	"6.89E8"	"1.05E9"	"9.2E8"	"7.55E8"	"6.25E8"	"7.29E8"	"7.86E8"	"6.48E8"	"8.63E8"	"5.41E8"	"1.57E8"	"3.3E8"	"1.01E9"	"4.57E8"	"6.17E8"	"3.4E8"	"6.29E8"	"5.73E8"	"7.08E8"	"4.45E8"	"1.02E9"
"CHEBI:4167"	"C6H12O6"	"OC[C@H]1OC(O)[C@H](O)[C@@H](O)[C@@H]1O"	"InChI=1S/C6H12O6/c7-1-2-3(8)4(9)5(10)6(11)12-2/h2-11H,1H2/t2-,3-,4+,5-,6?/m1/s1"	"D-Glucose"	"[3.8609 ... 3.8579]"	"glucose _136"	""	"NCBITAXON:http://purl.bioontology.org/ontology/NCBITAXON/9606"	"Homo sapiens"	""	""	"MSI level 1"	""	""	""	""	""	""	"7.14E8"	"6.79E8"	"8.15E8"	"6.76E8"	"9.26E8"	"8.16E8"	"6.96E8"	"5.99E8"	"7.13E8"	"7.24E8"	"6.06E8"	"7.28E8"	"4.99E8"	"1.53E8"	"2.89E8"	"8.73E8"	"4.26E8"	"5.34E8"	"3.08E8"	"5.68E8"	"5.1E8"	"6.15E8"	"4.04E8"	"8.77E8"
""	""	""	""	"unknown"	"[3.8646 ... 3.8609]"	"unknown _137"	""	"NCBITAXON:http://purl.bioontology.org/ontology/NCBITAXON/9606"	"Homo sapiens"	""	""	"MSI level 4"	""	""	""	""	""	""	"1.75E8"	"1.38E8"	"1.88E8"	"1.65E8"	"2.04E8"	"1.81E8"	"1.57E8"	"1.63E8"	"6.75E8"	"1.59E8"	"2.62E8"	"2.46E8"	"1.75E8"	"1.27E8"	"1.89E8"	"2.4E8"	"2.32E8"	"2.45E8"	"1.82E8"	"2.58E8"	"1.5E8"	"2.02E8"	"1.86E8"	"3.72E8"
""	""	""	""	"unknown"	"[3.8683 ... 3.8646]"	"unknown _138"	""	"NCBITAXON:http://purl.bioontology.org/ontology/NCBITAXON/9606"	"Homo sapiens"	""	""	"MSI level 4"	""	""	""	""	""	""	"1.53E8"	"1.19E8"	"1.52E8"	"1.3E8"	"1.93E8"	"1.62E8"	"1.39E8"	"1.33E8"	"6.02E8"	"1.36E8"	"2.39E8"	"2.36E8"	"1.55E8"	"1.29E8"	"1.97E8"	"2.16E8"	"2.33E8"	"2.27E8"	"1.64E8"	"2.6E8"	"1.29E8"	"2.02E8"	"1.78E8"	"3.62E8"
""	""	""	""	"unknown"	"[3.9176 ... 3.9075]"	"unknown _139"	""	"NCBITAXON:http://purl.bioontology.org/ontology/NCBITAXON/9606"	"Homo sapiens"	""	""	"MSI level 4"	""	""	""	""	""	""	"9.72E8"	"9.53E8"	"1.15E9"	"8.95E8"	"1.31E9"	"1.16E9"	"9.62E8"	"8.1E8"	"9.08E8"	"9.97E8"	"8.02E8"	"1.05E9"	"6.92E8"	"2.13E8"	"3.75E8"	"1.27E9"	"5.46E8"	"7.66E8"	"4.0E8"	"7.54E8"	"7.28E8"	"8.79E8"	"5.53E8"	"1.22E9"
"CHEBI:16919"	"C4H9N3O2"	"CN(CC(O)=O)C(N)=N"	"InChI=1S/C4H9N3O2/c1-7(4(5)6)2-3(8)9/h2H2,1H3,(H3,5,6)(H,8,9)"	"Creatine"	"[3.9356 ... 3.9248]"	"creatine _140"	""	"NCBITAXON:http://purl.bioontology.org/ontology/NCBITAXON/9606"	"Homo sapiens"	""	""	"MSI level 1"	""	""	""	""	""	""	"1.14E8"	"1.01E8"	"1.1E8"	"1.32E8"	"2.61E8"	"1.41E8"	"1.58E8"	"1.31E8"	"1.99E8"	"2.03E8"	"1.79E8"	"2.32E8"	"9.57E7"	"1.9E8"	"1.51E8"	"1.63E8"	"1.46E8"	"2.54E8"	"1.26E8"	"1.92E8"	"1.13E8"	"1.98E8"	"1.52E8"	"1.95E8"
"CHEBI:17301"	"C6H10O8"	""	""	"Glucaric acid"	"[3.9711 ... 3.9356]"	"unknown/glucarate_141"	"overlapped with unknown"	"NCBITAXON:http://purl.bioontology.org/ontology/NCBITAXON/9606"	"Homo sapiens"	""	""	"MSI level 2"	""	""	""	""	""	""	"1.26E8"	"1.01E8"	"1.08E8"	"1.12E8"	"1.68E8"	"1.29E8"	"1.14E8"	"1.25E8"	"1.21E8"	"1.19E8"	"1.61E8"	"1.56E8"	"9.8E7"	"1.52E8"	"1.53E8"	"1.5E8"	"1.5E8"	"1.71E8"	"1.35E8"	"1.76E8"	"1.02E8"	"1.44E8"	"1.45E8"	"2.17E8"
"CHEBI:50129"	"C4H8O3"	"CC(C)(O)C(O)=O"	"InChI=1S/C4H8O3/c1-4(2,7)3(5)6/h7H,1-2H3,(H,5,6)"	"Alpha-Hydroxyisobutyric acid"	"[4.0080 ... 3.9711]"	"2-hydroxybutyrate/pjenylalanine/asparagine_142"	"overlapped with HMDB0000159 HMDB0000168"	"NCBITAXON:http://purl.bioontology.org/ontology/NCBITAXON/9606"	"Homo sapiens"	""	""	"MSI level 2"	""	""	""	""	""	""	"1.7E8"	"1.56E8"	"1.46E8"	"1.37E8"	"2.51E8"	"1.75E8"	"1.64E8"	"1.49E8"	"1.72E8"	"1.48E8"	"1.84E8"	"1.87E8"	"1.26E8"	"1.91E8"	"1.95E8"	"1.73E8"	"1.64E8"	"2.06E8"	"1.7E8"	"1.91E8"	"1.52E8"	"1.8E8"	"1.85E8"	"2.47E8"
"CHEBI:17824"	"C3H8O"	"CC(C)O"	"InChI=1S/C3H8O/c1-3(2)4/h3-4H,1-2H3"	"Isopropyl alcohol"	"[4.0431 ... 4.0080]"	"isopropanol_143"	""	"NCBITAXON:http://purl.bioontology.org/ontology/NCBITAXON/9606"	"Homo sapiens"	""	""	"MSI level 2"	""	""	""	""	""	""	"6.52E7"	"4.35E7"	"4.93E7"	"6.06E7"	"6.6E7"	"6.51E7"	"5.32E7"	"7.5E7"	"5.58E7"	"5.63E7"	"7.55E7"	"6.7E7"	"5.41E7"	"3.74E7"	"6.76E7"	"7.41E7"	"6.8E7"	"7.26E7"	"7.36E7"	"8.71E7"	"1.51E8"	"6.39E7"	"6.73E7"	"9.89E7"
"CHEBI:16737"	"C4H7N3O"	"CN1CC(=O)NC1=N"	"InChI=1S/C4H7N3O/c1-7-2-3(8)6-4(7)5/h2H2,1H3,(H2,5,6,8)"	"Creatinine"	"[4.0600 ... 4.0530]"	"creatinine_144"	""	"NCBITAXON:http://purl.bioontology.org/ontology/NCBITAXON/9606"	"Homo sapiens"	""	""	"MSI level 1"	""	""	""	""	""	""	"2.2E8"	"1.54E8"	"2.48E8"	"1.6E8"	"2.64E8"	"1.73E8"	"1.41E8"	"1.43E8"	"1.7E8"	"1.36E8"	"1.4E8"	"1.22E8"	"1.34E8"	"9.01E7"	"1.68E8"	"1.42E8"	"1.34E8"	"1.79E8"	"1.31E8"	"1.64E8"	"1.17E8"	"1.38E8"	"1.78E8"	"1.61E8"
"CHEBI:17301"	"C6H10O8"	""	""	"Glucaric acid"	"[4.0918 ... 4.0600]"	"unknown/glucarate_145"	"overlapped with unknown"	"NCBITAXON:http://purl.bioontology.org/ontology/NCBITAXON/9606"	"Homo sapiens"	""	""	"MSI level 2"	""	""	""	""	""	""	"9.41E7"	"5.99E7"	"8.53E7"	"8.15E7"	"9.97E7"	"8.46E7"	"6.94E7"	"8.61E7"	"8.08E7"	"8.64E7"	"8.29E7"	"7.05E7"	"6.46E7"	"4.42E7"	"7.85E7"	"7.92E7"	"7.47E7"	"9.52E7"	"9.03E7"	"9.1E7"	"5.7E7"	"6.44E7"	"8.69E7"	"9.48E7"
"CHEBI:422"	"C3H6O3"	"C[C@H](O)C(O)=O"	"InChI=1S/C3H6O3/c1-2(4)3(5)6/h2,4H,1H3,(H,5,6)/t2-/m0/s1"	"L-Lactic acid"	"[4.1354 ... 4.0918]"	"lactate_146"	""	"NCBITAXON:http://purl.bioontology.org/ontology/NCBITAXON/9606"	"Homo sapiens"	""	""	"MSI level 1"	""	""	""	""	""	""	"4.0E8"	"2.42E8"	"4.51E8"	"4.4E8"	"5.21E8"	"3.8E8"	"3.37E8"	"3.39E8"	"4.4E8"	"3.09E8"	"6.15E8"	"4.62E8"	"2.67E8"	"7.84E8"	"6.71E8"	"4.02E8"	"5.2E8"	"8.15E8"	"7.03E8"	"6.18E8"	"2.35E8"	"2.67E8"	"9.55E8"	"4.73E8"
""	""	""	""	"unknown"	"[4.2239 ... 4.2041]"	"unknown_147"	""	"NCBITAXON:http://purl.bioontology.org/ontology/NCBITAXON/9606"	"Homo sapiens"	""	""	"MSI level 4"	""	""	""	""	""	""	"3.19E7"	"1.84E7"	"2.74E7"	"4.59E7"	"4.24E7"	"3.59E7"	"2.97E7"	"6.03E7"	"2.7E7"	"3.18E7"	"6.91E7"	"5.71E7"	"5.5E7"	"4.61E7"	"8.11E7"	"6.64E7"	"8.66E7"	"6.72E7"	"8.92E7"	"9.36E7"	"4.98E7"	"5.36E7"	"6.8E7"	"8.25E7"
""	""	""	""	"unknown"	"[4.2331 ... 4.2239]"	"unknown_148"	""	"NCBITAXON:http://purl.bioontology.org/ontology/NCBITAXON/9606"	"Homo sapiens"	""	""	"MSI level 4"	""	""	""	""	""	""	"3.36E7"	"1.92E7"	"2.71E7"	"4.53E7"	"4.9E7"	"3.66E7"	"3.14E7"	"5.99E7"	"2.93E7"	"3.13E7"	"7.06E7"	"7.91E7"	"5.83E7"	"5.44E8"	"2.59E8"	"8.0E7"	"2.38E8"	"1.09E8"	"2.79E8"	"2.57E8"	"1.6E8"	"7.1E7"	"1.62E8"	"9.03E7"
"CHEBI:16857"	"C4H9NO3"	"C[C@@H](O)[C@H](N)C(O)=O"	"InChI=1S/C4H9NO3/c1-2(6)3(5)4(7)8/h2-3,6H,5H2,1H3,(H,7,8)/t2-,3+/m1/s1"	"L-Threonine"	"[4.2677 ... 4.2331]"	"threonine_149"	""	"NCBITAXON:http://purl.bioontology.org/ontology/NCBITAXON/9606"	"Homo sapiens"	""	""	"MSI level 1"	""	""	""	""	""	""	"6.97E7"	"5.71E7"	"5.79E7"	"7.63E7"	"9.26E7"	"6.65E7"	"6.81E7"	"8.94E7"	"6.27E7"	"6.38E7"	"9.89E7"	"9.14E7"	"8.07E7"	"7.5E7"	"1.01E8"	"1.1E8"	"9.93E7"	"1.07E8"	"1.17E8"	"1.08E8"	"7.28E7"	"9.7E7"	"9.68E7"	"1.19E8"
"CHEBI:16024"	"C6H12O6"	""	""	"D-Mannose"	"[5.1945 ... 5.1863]"	"msnnose_150"	""	"NCBITAXON:http://purl.bioontology.org/ontology/NCBITAXON/9606"	"Homo sapiens"	""	""	"MSI level 2"	""	""	""	""	""	""	"5.55E7"	"5.12E7"	"5.98E7"	"2.47E7"	"6.34E7"	"4.96E7"	"4.64E7"	"1.58E7"	"5.18E7"	"5.06E7"	"2.87E7"	"5.06E7"	"1.73E7"	"2.45E7"	"1.28E7"	"4.45E7"	"3.29E7"	"4.4E7"	"6516451.374"	"4.34E7"	"1.99E7"	"3.13E7"	"2.61E7"	"6.13E7"
"CHEBI:4167"	"C6H12O6"	"OC[C@H]1OC(O)[C@H](O)[C@@H](O)[C@@H]1O"	"InChI=1S/C6H12O6/c7-1-2-3(8)4(9)5(10)6(11)12-2/h2-11H,1H2/t2-,3-,4+,5-,6?/m1/s1"	"D-Glucose"	"[5.2503 ... 5.2315]"	"glucose_151"	""	"NCBITAXON:http://purl.bioontology.org/ontology/NCBITAXON/9606"	"Homo sapiens"	""	""	"MSI level 1"	""	""	""	""	""	""	"7.15E8"	"7.33E8"	"8.69E8"	"6.51E8"	"9.81E8"	"8.73E8"	"7.27E8"	"5.55E8"	"6.8E8"	"7.52E8"	"5.27E8"	"7.64E8"	"4.84E8"	"6.55E7"	"1.74E8"	"9.44E8"	"3.16E8"	"5.02E8"	"2.18E8"	"4.86E8"	"5.36E8"	"6.17E8"	"3.43E8"	"8.21E8"
""	""	""	""	"unknown"	"[5.3351 ... 5.2503]"	"mobile-lipid_152"	""	"NCBITAXON:http://purl.bioontology.org/ontology/NCBITAXON/9606"	"Homo sapiens"	""	""	"MSI level 3"	""	""	""	""	""	""	"1.1E8"	"5.1E7"	"4.75E7"	"4.68E7"	"7.7E7"	"9.49E7"	"7.55E7"	"1.44E7"	"6.19E7"	"5.47E7"	"2.94E7"	"3.66E7"	"-4236398.514"	"1.34E7"	"747922.3817"	"2.48E7"	"-1913458.541"	"1.96E7"	"-3776595.883"	"2.41E7"	"9322346.476"	"2.14E7"	"1.12E7"	"4.73E7"
""	""	""	""	"unknown"	"[6.1051 ... 6.0884]"	"unknown_153"	""	"NCBITAXON:http://purl.bioontology.org/ontology/NCBITAXON/9606"	"Homo sapiens"	""	""	"MSI level 4"	""	""	""	""	""	""	"1972912.787"	"5829259.07"	"2074417.522"	"-3463439.971"	"3799825.857"	"3001001.653"	"3336976.804"	"-5552032.977"	"1667201.933"	"1428906.728"	"2563645.268"	"-158710.0299"	"-9919010.106"	"4475454.058"	"772753.3271"	"4299126.421"	"-2074427.813"	"163736.1469"	"-2764094.898"	"6199114.666"	"4062756.708"	"-1863035.245"	"1894456.897"	"2330838.372"
""	""	""	""	"unknown"	"[6.5251 ... 6.5202]"	"unknown_154"	""	"NCBITAXON:http://purl.bioontology.org/ontology/NCBITAXON/9606"	"Homo sapiens"	""	""	"MSI level 4"	""	""	""	""	""	""	"3808212.657"	"3273024.841"	"4789829.001"	"661532.8956"	"4632314.943"	"4662028.38"	"4040045.38"	"-3662950.33"	"4812196.182"	"5690902.768"	"2612882.122"	"2341287.47"	"-1382141.932"	"5739772.587"	"1056483.428"	"-3818484.342"	"-22778.49489"	"2534815.399"	"1248582.919"	"2148244.19"	"4992418.588"	"-337953.2798"	"655296.2304"	"1482196.408"
""	""	""	""	"unknown"	"[6.8786 ... 6.8509]"	"unknown_155"	""	"NCBITAXON:http://purl.bioontology.org/ontology/NCBITAXON/9606"	"Homo sapiens"	""	""	"MSI level 4"	""	""	""	""	""	""	"7172626.729"	"6226011.945"	"7101759.322"	"2387673.762"	"6996656.46"	"7425532.501"	"6389145.716"	"524299.2816"	"7520704.726"	"4128653.492"	"6981761.915"	"8158562.436"	"2013501.119"	"1.03E7"	"7549851.893"	"7089636.669"	"3222109.012"	"9077846.674"	"5152595.532"	"7746273.747"	"7018474.53"	"8043289.203"	"6808189.834"	"8784818.139"
"CHEBI:17895"	"C9H11NO3"	"N[C@@H](Cc1ccc(O)cc1)C(O)=O"	"InChI=1S/C9H11NO3/c10-8(9(12)13)5-6-1-3-7(11)4-2-6/h1-4,8,11H,5,10H2,(H,12,13)/t8-/m0/s1"	"L-Tyrosine"	"[6.9179 ... 6.8902]"	"tyrosine_156"	""	"NCBITAXON:http://purl.bioontology.org/ontology/NCBITAXON/9606"	"Homo sapiens"	""	""	"MSI level 1"	""	""	""	""	""	""	"5.06E7"	"5.76E7"	"4.76E7"	"4.8E7"	"7.7E7"	"6.42E7"	"5.43E7"	"3.98E7"	"7.37E7"	"6.25E7"	"4.91E7"	"4.56E7"	"2.64E7"	"6.18E7"	"4.7E7"	"6.25E7"	"4.02E7"	"4.61E7"	"4.43E7"	"3.9E7"	"3.04E7"	"5.15E7"	"5.84E7"	"4.04E7"
"CHEBI:15971"	"C6H9N3O2"	"N[C@@H](Cc1c[nH]cn1)C(O)=O"	"InChI=1S/C6H9N3O2/c7-5(6(10)11)1-4-2-8-3-9-4/h2-3,5H,1,7H2,(H,8,9)(H,10,11)/t5-/m0/s1"	"L-Histidine"	"[7.0873 ... 7.0622]"	"histidine_157"	""	"NCBITAXON:http://purl.bioontology.org/ontology/NCBITAXON/9606"	"Homo sapiens"	""	""	"MSI level 1"	""	""	""	""	""	""	"3.31E7"	"3.46E7"	"3.15E7"	"2.85E7"	"4.17E7"	"3.78E7"	"3.5E7"	"1.77E7"	"3.34E7"	"2.71E7"	"2.61E7"	"3.04E7"	"1.83E7"	"2.94E7"	"2.43E7"	"2.79E7"	"1.77E7"	"3.53E7"	"2.42E7"	"2.54E7"	"3.13E7"	"2.96E7"	"2.92E7"	"2.58E7"
""	""	""	""	"unknown"	"[7.1690 ... 7.1360]"	"unknown_158"	""	"NCBITAXON:http://purl.bioontology.org/ontology/NCBITAXON/9606"	"Homo sapiens"	""	""	"MSI level 4"	""	""	""	""	""	""	"5.71E7"	"2.29E7"	"6.99E7"	"2.23E7"	"5.42E7"	"3.69E7"	"3.36E7"	"1.84E7"	"3.68E7"	"2.64E7"	"5.37E7"	"1.02E7"	"9738631.039"	"2.61E7"	"4.63E7"	"3.34E7"	"5.68E7"	"1.42E7"	"3.72E7"	"2.54E7"	"3.79E7"	"5.09E7"	"1.44E7"	"5.65E7"
"CHEBI:17895"	"C9H11NO3"	"N[C@@H](Cc1ccc(O)cc1)C(O)=O"	"InChI=1S/C9H11NO3/c10-8(9(12)13)5-6-1-3-7(11)4-2-6/h1-4,8,11H,5,10H2,(H,12,13)/t8-/m0/s1"	"L-Tyrosine"	"[7.2169 ... 7.1847]"	"tyrosine_159"	""	"NCBITAXON:http://purl.bioontology.org/ontology/NCBITAXON/9606"	"Homo sapiens"	""	""	"MSI level 1"	""	""	""	""	""	""	"4.05E7"	"3.79E7"	"3.16E7"	"3.63E7"	"4.99E7"	"4.43E7"	"3.82E7"	"2.29E7"	"3.98E7"	"4.06E7"	"4.73E7"	"5.19E7"	"2.34E7"	"3.98E8"	"1.27E8"	"6.65E7"	"1.1E8"	"6.22E7"	"1.63E8"	"1.2E8"	"6.92E8"	"4.64E7"	"1.01E8"	"4.27E7"
""	""	""	""	"unknown"	"[7.2704 ... 7.2169]"	"unknown_160"	""	"NCBITAXON:http://purl.bioontology.org/ontology/NCBITAXON/9606"	"Homo sapiens"	""	""	"MSI level 4"	""	""	""	""	""	""	"1.63E7"	"1.43E7"	"1.4E7"	"8875952.78"	"2.12E7"	"1.82E7"	"1.55E7"	"8383808.95"	"2.01E7"	"1.39E7"	"2.43E7"	"1.96E7"	"8625181.99"	"1.49E8"	"5.03E7"	"2.32E7"	"5.52E7"	"2.51E7"	"6.71E7"	"5.05E7"	"2.58E8"	"2.17E7"	"3.47E7"	"3.03E7"
"CHEBI:17295"	"C9H11NO2"	"N[C@@H](Cc1ccccc1)C(O)=O"	"InChI=1S/C9H11NO2/c10-8(9(11)12)6-7-4-2-1-3-5-7/h1-5,8H,6,10H2,(H,11,12)/t8-/m0/s1"	"L-Phenylalanine"	"[7.3505 ... 7.3167]"	"phenylalanine_161"	""	"NCBITAXON:http://purl.bioontology.org/ontology/NCBITAXON/9606"	"Homo sapiens"	""	""	"MSI level 1"	""	""	""	""	""	""	"3.29E7"	"3.23E7"	"3.2E7"	"2.29E7"	"4.23E7"	"3.41E7"	"2.85E7"	"1.9E7"	"3.26E7"	"3.02E7"	"4.17E7"	"3.99E7"	"2.6E7"	"6.03E7"	"5.03E7"	"3.81E7"	"3.89E7"	"4.05E7"	"5.13E7"	"4.04E7"	"4.04E7"	"3.12E7"	"4.37E7"	"4.56E7"
""	""	""	""	"unknown"	"[7.3591 ... 7.3505]"	"unknown_162"	""	"NCBITAXON:http://purl.bioontology.org/ontology/NCBITAXON/9606"	"Homo sapiens"	""	""	"MSI level 4"	""	""	""	""	""	""	"1.85E7"	"1.15E7"	"1.77E7"	"8000054.195"	"1.85E7"	"1.86E7"	"1.3E7"	"5872367.179"	"1.3E7"	"1.41E7"	"2.49E7"	"1.87E7"	"1.09E7"	"2.19E7"	"2.52E7"	"1.99E7"	"2.49E7"	"2.03E7"	"2.8E7"	"2.28E7"	"1.79E7"	"2.29E7"	"1.77E7"	"2.95E7"
"CHEBI:17295"	"C9H11NO2"	"N[C@@H](Cc1ccccc1)C(O)=O"	"InChI=1S/C9H11NO2/c10-8(9(11)12)6-7-4-2-1-3-5-7/h1-5,8H,6,10H2,(H,11,12)/t8-/m0/s1"	"L-Phenylalanine"	"[7.4015 ... 7.3591]"	"phenylalanine/unknown_163"	"overlapped with unknown"	"NCBITAXON:http://purl.bioontology.org/ontology/NCBITAXON/9606"	"Homo sapiens"	""	""	"MSI level 1"	""	""	""	""	""	""	"4.94E7"	"2.37E7"	"5.84E7"	"2.3E7"	"4.99E7"	"3.47E7"	"3.05E7"	"2.02E7"	"3.38E7"	"2.82E7"	"4.68E7"	"1.49E7"	"1.55E7"	"2.57E7"	"4.15E7"	"3.11E7"	"4.49E7"	"1.65E7"	"3.47E7"	"2.11E7"	"1.46E7"	"3.94E7"	"1.82E7"	"4.97E7"
"CHEBI:17295"	"C9H11NO2"	"N[C@@H](Cc1ccccc1)C(O)=O"	"InChI=1S/C9H11NO2/c10-8(9(11)12)6-7-4-2-1-3-5-7/h1-5,8H,6,10H2,(H,11,12)/t8-/m0/s1"	"L-Phenylalanine"	"[7.4510 ... 7.4125]"	"phenylalanine_164"	""	"NCBITAXON:http://purl.bioontology.org/ontology/NCBITAXON/9606"	"Homo sapiens"	""	""	"MSI level 1"	""	""	""	""	""	""	"2.3E7"	"2.39E7"	"2.24E7"	"1.62E7"	"2.88E7"	"2.67E7"	"1.86E7"	"1.42E7"	"2.32E7"	"2.15E7"	"2.6E7"	"2.35E7"	"1.71E7"	"3.73E7"	"3.02E7"	"2.27E7"	"2.06E7"	"2.48E7"	"2.76E7"	"2.1E7"	"1.76E7"	"1.86E7"	"2.7E7"	"2.4E7"
"CHEBI:15971"	"C6H9N3O2"	"N[C@@H](Cc1c[nH]cn1)C(O)=O"	"InChI=1S/C6H9N3O2/c7-5(6(10)11)1-4-2-8-3-9-4/h2-3,5H,1,7H2,(H,8,9)(H,10,11)/t5-/m0/s1"	"L-Histidine"	"[7.8383 ... 7.9110]"	"histidine _165"	""	"NCBITAXON:http://purl.bioontology.org/ontology/NCBITAXON/9606"	"Homo sapiens"	""	""	"MSI level 1"	""	""	""	""	""	""	"1.12E7"	"8451243.793"	"8802882.634"	"5079369.696"	"1.23E7"	"9509832.751"	"9066264.928"	"3265494.049"	"9844931.985"	"6636747.441"	"9499355.123"	"9538253.234"	"4554328.596"	"6612156.073"	"1.09E7"	"7820220.688"	"9714840.476"	"9296039.723"	"7037232.657"	"9153311.013"	"6306947.843"	"8164485.214"	"6659082.088"	"1.34E7"
"CHEBI:17712"	"C5H4N4O2"	"O=c1[nH]c2[nH]cnc2c(=O)[nH]1"	"InChI=1S/C5H4N4O2/c10-4-2-3(7-1-6-2)8-5(11)9-4/h1H,(H3,6,7,8,9,10,11)"	"Xanthine"	"[7.9506 ... 7.9317]"	"xanthine_166"	""	"NCBITAXON:http://purl.bioontology.org/ontology/NCBITAXON/9606"	"Homo sapiens"	""	""	"MSI level 2"	""	""	""	""	""	""	"3855446.703"	"3675513.709"	"2454201.341"	"507533.628"	"2994230.977"	"3408015.85"	"4503213.25"	"-1822342.601"	"5225921.427"	"4134178.076"	"3765489.3"	"4312409.674"	"979012.2047"	"5446283.665"	"3424055.933"	"3116723.244"	"1646978.08"	"3851908.327"	"1300151.171"	"5006248.677"	"2692915.179"	"3517852.638"	"3331641.509"	"2349223.205"
"CHEBI:16870"	"C8H20NO6P"	"C[N+](C)(C)CCOP([O-])(=O)OC[C@H](O)CO"	"InChI=1S/C8H20NO6P/c1-9(2,3)4-5-14-16(12,13)15-7-8(11)6-10/h8,10-11H,4-7H2,1-3H3/t8-/m1/s1"	"Glycerophosphocholine"	"[8.2027 ... 8.8147]"	"oxypurinol_167"	""	"NCBITAXON:http://purl.bioontology.org/ontology/NCBITAXON/9606"	"Homo sapiens"	""	""	"MSI level 2"	""	""	""	""	""	""	"1716730.261"	"1907200.73"	"1248241.647"	"659939.8066"	"1570300.813"	"1764609.31"	"1070692.954"	"-647255.9416"	"1741672.414"	"1417335.855"	"604005.7703"	"1495014.182"	"-367812.2203"	"3542332.325"	"1099594.344"	"17892.55175"	"338730.5431"	"1771394.078"	"339699.4966"	"1248558.691"	"1203156.152"	"1090608.648"	"1411936.426"	"1084802.075"
"CHEBI:16335"	"C10H13N5O4"	"Nc1ncnc2n(cnc12)[C@@H]1O[C@H](CO)[C@@H](O)[C@H]1O"	"InChI=1S/C10H13N5O4/c11-8-5-9(13-2-12-8)15(3-14-5)10-7(18)6(17)4(1-16)19-10/h2-4,6-7,10,16-18H,1H2,(H2,11,12,13)/t4-,6-,7-,10-/m1/s1"	"Adenosine"	"[8.2200 ... 8.2027]"	"adenosine_168"	""	"NCBITAXON:http://purl.bioontology.org/ontology/NCBITAXON/9606"	"Homo sapiens"	""	""	"MSI level 1"	""	""	""	""	""	""	"2763940.429"	"2761254.468"	"471791.6446"	"655486.4407"	"4124354.318"	"1681857.655"	"2603705.343"	"1492191.247"	"2655985.394"	"3470363.49"	"1002815.319"	"2019029.736"	"-424797.2641"	"3008890.306"	"1897849.008"	"-840483.5755"	"2389034.843"	"1554819.112"	"-455872.7656"	"3904700.701"	"-1053185.665"	"1224581.398"	"-145262.2546"	"1840986.837"
""	""	""	""	"unknown"	"[8.2444 ... 8.2326]"	"unknown_169"	""	"NCBITAXON:http://purl.bioontology.org/ontology/NCBITAXON/9606"	"Homo sapiens"	""	""	"MSI level 4"	""	""	""	""	""	""	"471820.9314"	"1410410.41"	"595296.8095"	"350813.3129"	"1898830.519"	"-454837.7428"	"1519667.312"	"-1321567.63"	"1892.24408"	"222622.7146"	"-1425970.774"	"2731007.421"	"-1162571.457"	"2648551.13"	"-835188.0721"	"-276921.7774"	"790934.1903"	"1234569.424"	"-1524674.674"	"-63035.96024"	"-1104932.829"	"567048.214"	"1441786.703"	"-1366817.291"
"CHEBI:16335"	"C10H13N5O4"	"Nc1ncnc2n(cnc12)[C@@H]1O[C@H](CO)[C@@H](O)[C@H]1O"	"InChI=1S/C10H13N5O4/c11-8-5-9(13-2-12-8)15(3-14-5)10-7(18)6(17)4(1-16)19-10/h2-4,6-7,10,16-18H,1H2,(H2,11,12,13)/t4-,6-,7-,10-/m1/s1"	"Adenosine"	"[8.3417 ... 8.3323]"	"adenosine_170"	""	"NCBITAXON:http://purl.bioontology.org/ontology/NCBITAXON/9606"	"Homo sapiens"	""	""	"MSI level 1"	""	""	""	""	""	""	"103033.3506"	"2903093.195"	"655283.5325"	"-1126689.247"	"872569.3506"	"1897300.779"	"1135118.961"	"235872.4156"	"2526101.61"	"-953538.4935"	"918980.1558"	"2459481.766"	"-483554.0779"	"2863340.052"	"1226552.519"	"-34064.62338"	"679869.5065"	"-442447.7922"	"823575.2727"	"1134013.506"	"-1147877.403"	"907310.5455"	"-434282.3896"	"-389725.0909"
"CHEBI:30751"	"CH2O2"	"[H]C(O)=O"	"InChI=1S/CH2O2/c2-1-3/h1H,(H,2,3)"	"Formic acid"	"[8.4682 ... 8.4501]"	"formate_171"	""	"NCBITAXON:http://purl.bioontology.org/ontology/NCBITAXON/9606"	"Homo sapiens"	""	""	"MSI level 1"	""	""	""	""	""	""	"1.97E7"	"1.69E7"	"1.57E7"	"1.67E7"	"1.76E7"	"1.98E7"	"1.68E7"	"1.69E7"	"2.26E7"	"2.06E7"	"1.83E7"	"1.83E7"	"1.45E7"	"4.53E7"	"2.07E7"	"1.45E7"	"1.5E7"	"2.89E7"	"1.85E7"	"2.17E7"	"1.84E7"	"2.01E7"	"2.94E7"	"1.84E7"
